time,s0,s1,s2,s3,s4,s5,s6,s7,s8,s9,s10,s11,s12,s13,s14,s15
0.00201416,384,352,4481,896,6625,352,352,65535,5073,352,17572,368,23077,5041,352,65535
0.03302,400,352,4705,880,6705,352,352,65535,5201,352,17540,384,22885,5201,352,65487
0.0630188,352,336,4529,912,6753,352,352,65535,5313,352,17556,384,22693,5121,352,65535
0.0930176,384,368,3568,880,6833,352,352,65535,6209,352,17556,352,23189,4865,384,65535
0.123016,384,352,3232,816,6673,352,352,65535,16868,368,17492,368,23557,4929,384,65535
0.153015,384,352,3856,896,7041,352,352,65535,15107,352,17588,384,22149,384,384,65535
0.184998,384,352,3920,832,7617,352,352,65535,6529,352,18276,352,21045,384,384,65535
0.214996,384,352,3984,928,7697,352,352,65535,6113,352,2336,352,22085,368,368,65535
0.246002,384,352,4032,912,7857,352,352,65535,6257,352,14659,368,22837,368,352,65535
0.28302,400,352,4193,832,7937,352,352,65535,6049,352,15907,368,22261,352,352,65535
0.313019,384,352,4000,848,7889,352,352,65535,5329,352,16323,368,22949,11154,352,65535
0.343018,384,352,3648,784,6289,352,336,65535,8930,2384,20068,352,22773,352,352,368
0.374023,352,352,3536,816,7329,352,336,65535,6289,3088,9682,352,23237,352,384,384
0.404022,400,336,2736,784,7937,352,352,65535,6721,3264,4673,352,22853,352,368,352
0.434021,352,336,2960,800,8001,352,352,65535,7425,3184,8802,368,23301,368,368,61839
0.46402,336,352,2496,832,7825,352,336,65535,8466,3072,18612,352,22597,5905,368,65535
0.494019,11234,352,3104,864,6961,352,352,65535,10514,2992,21461,352,22549,8514,368,720
0.524017,11154,352,3504,896,7265,352,352,65535,11234,2368,21221,368,22949,8177,384,65535
0.555023,10530,352,3168,848,6417,336,352,65535,22021,368,23525,368,23157,8546,448,65535
0.584015,13219,352,3040,656,5681,352,352,65535,23973,368,24886,384,24565,7601,544,65535
0.615021,12723,368,6305,656,5585,1424,352,65535,27222,352,26774,368,22037,10018,368,65535
0.64502,14851,352,4401,1216,6177,816,352,65535,22709,368,28294,2592,21941,12547,384,65519
0.675018,13827,352,4705,464,7121,848,6785,65535,24005,352,28807,8194,21397,18020,368,65535
0.705017,12771,352,4833,1488,6081,12707,12643,65535,23733,368,28614,9906,22629,16532,384,65535
0.736023,17156,352,5457,640,10898,8546,9474,65535,24069,352,30759,9170,24069,21829,384,65535
0.766022,17204,368,4785,576,11074,8834,8882,65535,18196,3504,28598,9154,23573,17300,2336,65535
0.796997,12659,352,4097,896,8962,8065,352,65535,13107,2096,25366,5553,20260,10834,3376,65535
0.827026,2448,352,5649,3328,9106,336,352,65535,9154,1296,21029,352,22709,10210,3296,65535
0.857025,384,352,5393,1456,6833,336,352,65535,7249,336,20164,352,22741,13667,1088,65535
0.888,384,352,6993,544,6353,352,352,65535,5969,352,16596,352,21637,368,2240,65535
0.917999,384,352,6753,832,7329,352,352,65535,5953,336,15747,352,23029,352,2880,65535
0.949005,384,352,7681,816,6833,352,352,65535,4913,352,16003,384,23237,352,2000,65535
0.977997,400,352,7697,1600,7361,352,352,65535,5201,352,15843,384,23365,352,2560,65535
1.00803,384,352,7425,1696,7057,352,352,65535,6065,352,15939,352,23253,368,2048,65535
1.03802,368,352,7473,1760,8177,352,352,65535,6433,336,15651,352,23477,368,1488,65535
1.069,384,352,7217,1936,8450,352,560,65535,6017,352,17300,368,23461,368,1728,65535
1.099,384,352,7361,2304,8914,352,720,65535,6241,352,17220,352,23461,368,1824,65535
1.12802,384,368,7233,2112,8578,352,1328,65535,6289,352,15651,352,23397,400,928,352
1.159,384,336,7313,2400,7569,352,864,65535,6305,352,16275,352,23557,528,2704,65535
1.18802,384,3600,7217,2864,6913,352,1232,65535,7057,336,17124,352,23621,544,2528,65535
1.21802,384,4385,7329,3376,6817,352,832,65535,6577,352,17204,352,23781,608,3216,65535
1.25,384,4593,7233,3888,7089,352,1200,65535,6273,352,17076,352,23989,720,3072,65535
1.27902,384,4625,7313,3792,7377,352,960,65535,6449,352,17300,352,23909,560,2768,352
1.30902,384,4753,7585,3600,7297,352,384,65535,7089,352,17332,352,24197,432,8514,65535
1.33902,384,912,11138,4241,8129,352,368,65535,4032,1728,17572,368,24021,352,15891,65535
1.36902,384,1936,13299,3216,6177,352,352,65535,10514,3632,15779,352,27990,384,20565,65535
1.39902,800,20917,15635,5825,12755,352,352,65535,21141,352,14851,352,29223,384,22437,65535
1.43002,3392,22581,14163,9954,15411,352,352,65535,26630,12162,14723,368,29847,384,23173,65535
1.46002,16692,23013,22533,11666,10338,352,3792,65535,28630,14483,14563,368,31575,352,23509,65535
1.49002,15619,23349,16163,11042,13699,352,8962,65535,31687,13219,17668,384,31559,5329,25062,65535
1.52002,18948,23509,16051,10978,15123,368,11026,65535,31975,13139,15699,384,32776,384,25030,65535
1.55002,18644,23701,17668,12419,13731,384,12707,65535,28887,12339,19092,384,31927,1344,24181,65535
1.58102,17556,23861,17604,12803,13379,352,12226,65535,32503,12691,19028,384,32984,5281,23893,65535
1.612,18644,23685,17748,14755,9442,432,22469,65535,33896,13955,20372,384,33224,13219,24421,65535
1.642,17940,27478,21765,13875,11986,1344,12835,65535,33848,13315,20933,384,31335,16003,27078,65535
1.67102,19700,27782,20949,14883,14339,800,13523,65535,34744,13971,20869,384,30871,8354,27478,65535
1.70203,18484,27734,20100,14243,13475,384,13203,65535,34056,14627,21029,384,32359,17252,26966,65535
1.73203,21125,27206,17684,14691,15587,1472,13603,65535,35624,14387,21765,384,32599,384,28358,65535
1.763,21557,25462,16131,14499,14707,1408,13235,65535,35528,15955,22069,368,33416,384,26534,65535
1.793,20789,25766,13635,11346,12979,1488,12387,65535,34536,16291,22661,384,32359,2768,24565,65535
1.82401,18836,25078,18228,8338,12595,352,12323,65535,33816,14387,20981,384,33528,5393,26326,65535
1.854,18052,25334,16548,3664,14051,352,7121,65535,32663,8786,17988,352,33224,384,25814,65535
1.884,16388,17284,15251,2688,13699,368,352,65535,24213,368,14691,384,32599,384,24453,65535
1.91501,10130,2624,14275,1408,1840,352,336,65535,17300,352,15091,352,31623,384,10450,65535
1.94501,384,944,8386,1424,352,352,352,65535,18292,352,15331,368,26358,352,3168,65535
1.97501,432,352,4129,1600,352,352,352,65535,9554,352,16388,352,25606,352,960,65535
2.004,384,352,7313,2432,1312,352,352,65535,928,352,15683,352,18564,352,1568,65535
2.035,384,352,5377,2192,3168,352,352,65535,896,352,14675,352,17236,352,1584,65535
2.06403,992,352,2000,1472,2336,352,352,65535,928,1856,16291,352,17668,352,1424,65535
2.095,1504,352,4097,2288,3616,336,352,65535,368,352,16163,368,17060,352,1376,65535
2.13202,864,352,4929,2224,3328,352,352,65535,3840,352,15955,352,18020,352,1536,65535
2.16202,384,352,5441,2128,3456,352,336,65535,3856,352,16339,352,17844,352,1584,65535
2.19202,1312,352,4161,2448,3536,352,336,65535,2128,352,16868,352,17332,352,1568,65535
2.22202,1568,352,3904,1616,4481,352,352,65535,3600,352,16788,352,19204,352,1824,65535
2.25101,2560,352,4048,1712,4257,336,352,65535,5409,352,16628,352,17044,352,1536,65535
2.28302,1552,352,5009,1216,3952,352,352,65535,4897,352,17732,352,17348,352,1264,65535
2.31302,1792,352,2512,1248,4016,336,352,65535,5169,352,16900,352,19076,368,2672,65535
2.34302,2224,352,2992,1600,4305,352,352,65535,3856,336,16948,352,20052,352,1776,65535
2.37302,1536,352,2640,2080,4097,352,352,65535,4769,352,16900,352,19476,352,1328,65535
2.40302,1584,352,2480,2768,4016,336,352,65535,6465,3216,17316,352,21029,368,5217,65535
2.43201,5697,5825,11410,2880,11618,352,384,65535,15587,640,20388,384,28438,352,9810,384
2.46301,14739,4048,14035,4497,13923,352,5329,65535,21893,8274,17748,352,26374,3200,12819,65535
2.49402,17124,8177,12146,2976,12307,352,11314,65535,25126,12611,15907,368,26422,3408,20901,65535
2.52402,15411,23077,13843,7425,14339,576,10738,65535,29799,15203,19716,384,28454,3264,23061,65535
2.55301,16580,26134,17060,11954,12931,688,13619,65535,33368,16916,22341,352,30359,3120,26838,65535
2.58301,19012,26566,14659,12899,11666,544,21509,65535,33064,20180,24582,384,31447,3072,25158,65535
2.61502,20629,25670,13267,16772,15123,576,21525,65535,33432,18900,22613,352,32776,2576,28679,65535
2.64502,19604,26230,17364,17972,15395,2464,16115,65535,33032,23669,24501,352,31511,384,29575,65535
2.67502,21301,26550,16788,18468,14483,384,11810,65535,33688,23589,21605,368,31895,18468,29591,65535
2.70602,20533,28727,18820,13539,16099,6977,21733,65535,32455,23781,23077,368,32391,11394,29863,65535
2.73502,18884,26774,18756,22709,14099,11314,21205,65535,32567,23765,22901,384,31239,8177,30119,65535
2.77301,20629,26854,16580,17220,15411,2224,17604,65535,32856,24101,26086,384,31655,12771,30311,65535
2.80301,22005,26358,17892,18900,15155,400,21461,65535,33480,24726,28422,368,32519,6753,29655,65535
2.83301,22309,27734,19348,20709,13907,3616,14131,65535,32231,24549,29239,384,32295,10290,28118,65535
2.86401,17684,26774,16259,18212,16484,688,15459,65535,32327,24565,27062,368,32872,14339,26534,384
2.89401,18740,22805,18324,16452,16452,3152,12371,65535,33512,24710,27286,352,33672,17220,28422,65535
2.92401,20629,23989,17572,15827,13315,7249,12979,65535,32215,25494,27574,384,32920,18516,27366,65535
2.957,19012,23733,16195,14851,16484,7745,13715,65535,32311,24517,25142,384,32439,18996,28070,65535
2.987,20372,23493,19668,13667,16836,9378,14163,65535,32551,24469,26646,368,32984,16932,26726,65535
3.017,21205,22805,18004,15587,13715,432,13987,65535,32455,24389,25174,352,32039,17956,27158,65503
3.047,21045,25926,19076,17332,11986,3664,14211,65535,32087,24934,23957,384,32295,19236,27990,65535
3.078,21173,26198,19204,17316,14563,4305,13635,65535,32215,24774,21301,368,32535,15459,28518,65535
3.10901,21221,26070,19028,17844,15763,352,13795,65535,31911,24229,23237,368,32455,16147,28823,65535
3.13901,20965,25494,18052,16596,16163,1520,12419,65535,33512,22309,23509,384,33304,12323,29847,65535
3.16901,20276,23541,19060,13011,15171,352,12274,65535,31463,22117,23077,368,32663,400,29863,65535
3.19901,19940,23509,20693,9954,15331,352,11618,65535,32904,16916,23557,352,33352,352,30055,65535
3.229,18052,23845,21333,10402,15443,368,336,65535,28614,12563,16948,352,33768,352,30535,65535
3.26001,19892,23877,19908,9010,14435,352,352,65535,28871,9634,17732,352,33768,352,28198,65535
3.29102,18356,21637,19252,5009,13891,352,352,65535,26918,9234,11682,352,32087,368,26438,65535
3.32101,15155,17956,17668,2752,14787,352,352,65535,23429,7473,6081,368,29607,352,24886,65535
3.35001,8978,736,12579,1072,2480,352,352,65535,11906,656,19300,384,27926,352,13955,65535
3.38,14467,3456,3776,1600,1696,336,2624,65535,11474,4064,16964,352,24966,352,8177,65535
3.41101,6113,400,960,1760,2368,352,2896,65535,10066,6961,18180,352,29063,368,7505,65535
3.44101,384,352,416,2464,2592,352,2576,65535,7745,7841,16067,352,25782,352,2224,65535
3.47101,368,352,2752,2896,1232,352,352,65535,384,8482,15587,336,20436,352,2272,65535
3.50101,2656,352,1792,2016,2240,352,352,65535,368,6625,16788,352,18212,352,1344,65535
3.53101,384,352,4417,1824,2656,352,352,65535,384,8145,16420,352,22197,4513,2320,65503
3.561,368,352,4641,1504,3904,352,352,65535,368,7489,15699,352,18228,11010,2816,65535
3.591,384,352,5649,1968,4000,336,352,65535,352,5841,16339,352,20164,352,3744,65535
3.62201,384,352,4993,1424,4321,352,352,65535,384,6049,16067,352,20036,352,3344,65535
3.65201,352,352,4417,1408,4289,352,352,65535,368,6721,16227,368,18468,352,3360,65535
3.681,3072,352,4577,1376,2784,352,352,65535,384,4961,16516,352,18948,368,2128,65535
3.711,2832,352,4865,1408,3040,352,352,65535,352,7313,17396,352,18820,352,2000,65535
3.741,3360,352,4000,1424,2560,352,352,65535,368,6817,18004,352,19620,352,2400,65535
3.772,1920,352,3776,1872,2560,352,352,65535,368,5681,16564,352,18868,352,3168,65535
3.802,384,352,3376,1744,2464,352,4513,65535,352,6241,16692,352,19108,352,3152,65535
3.83301,384,352,5681,1920,2464,352,4929,65535,384,7057,15507,352,18148,352,3504,65535
3.86301,2272,336,3072,1776,2512,352,4481,65535,384,6929,15539,6049,19684,352,3888,65535
3.892,2800,336,1968,1824,1808,352,352,65535,3120,5025,16452,352,32471,352,1120,65535
3.922,416,352,6833,1696,352,352,352,65535,24469,6241,15331,352,32711,336,1824,368
3.95401,16516,352,10386,912,13363,352,352,65535,28983,368,22549,384,32039,3552,8930,65535
3.991,18708,7361,5553,1040,14259,496,13507,65535,30951,368,25894,384,31463,9282,7777,65535
4.021,18580,352,8322,960,10946,416,15475,65535,33944,592,28646,384,31783,5457,6353,65535
4.05002,19604,384,11282,1104,15875,2448,15395,65535,33352,9026,28006,384,33864,11698,21413,65535
4.08102,19508,9218,14083,976,13795,4913,13779,65535,33048,14115,23141,432,31991,11330,19748,65535
4.11102,20164,21861,13955,4097,13411,6913,14835,65535,31495,15715,23333,464,33512,13427,24966,65535
4.14102,18708,23877,17700,6801,14387,5825,13011,65535,32663,16532,24565,480,33624,14947,24630,65535
4.172,20420,23653,16660,4064,14691,2752,11170,65535,33336,16804,26854,368,32423,14131,24085,65535
4.20203,20356,21397,16820,1824,11426,2176,8850,65535,32695,15779,26758,384,32359,15747,21957,65535
4.23203,20677,8674,9458,1408,7985,784,9858,65535,30951,13859,27718,384,31927,14883,23989,65535
4.26202,23365,5889,11234,2736,12483,7569,13747,65535,34008,13155,28246,384,32263,18148,21669,65535
4.293,22149,5249,12931,2992,12002,2304,13283,65535,35256,16019,27174,368,31959,16676,23269,65535
4.32401,22741,3568,17604,2112,7841,864,10034,65535,37033,16195,23541,352,32327,15139,20164,65535
4.354,24421,8017,13683,2960,14467,400,9666,65535,37257,14371,25046,368,32840,12835,22469,65535
4.384,21717,9554,15747,1328,13971,1472,7617,65535,36985,13891,27238,384,31127,13475,22245,65535
4.414,21045,10386,14547,1552,13091,1808,13203,65535,37033,12242,26774,384,32872,17732,24565,65535
4.44501,21237,10386,14099,1344,14803,1152,14387,65535,37689,12531,26550,352,30903,19892,22341,65535
4.47501,21605,9922,9378,2208,15139,352,12082,65535,36568,13987,26054,368,31383,9666,17508,65535
4.505,23109,11730,10162,2112,13795,384,9506,65535,35096,13443,28695,368,31623,8210,16980,65535
4.535,24069,11698,12050,2432,14659,544,7681,65535,36616,13507,25862,368,32439,10738,21781,65535
4.565,24565,10562,14275,2832,13171,2464,7809,65535,36760,13155,29543,368,29623,8418,18020,65535
4.595,24902,7857,8402,1232,12851,2880,10690,65535,36776,16051,29543,384,31591,11458,13059,65503
4.62601,23893,8145,11202,1168,14611,1856,10962,65535,36776,15027,28646,368,32984,9474,17972,65535
4.65701,23877,352,12274,1296,14451,2352,9250,65535,36440,8338,28679,352,32423,7553,13955,65535
4.686,23125,4177,11010,1584,12899,2064,8754,65535,35912,12210,28646,352,32359,5601,16035,65535
4.716,22341,8530,12018,1280,11234,1952,9314,65535,34776,7105,27862,384,31287,3200,18132,65535
4.74701,20308,7361,12419,1488,3984,352,352,65535,28759,6017,24325,352,29687,352,18324,65535
4.77802,10754,5217,6753,1968,352,352,352,65535,12339,352,16612,352,31767,352,15587,65535
4.80801,384,3264,6961,2480,352,352,352,65535,11954,352,16836,352,23477,352,1552,65535
4.83801,1808,352,4273,1760,352,352,352,65535,9314,352,17188,352,24469,352,3152,65535
4.86801,384,352,7521,1088,336,352,352,65535,9234,352,16852,352,21621,352,1536,65535
4.89801,384,1584,6321,1104,2560,352,352,65535,384,352,15299,352,17572,336,352,65535
4.92801,400,1248,4481,960,3072,352,336,65535,384,336,16307,368,17828,352,352,65535
4.95801,2128,1872,5601,2208,2704,352,336,65535,512,352,16564,352,17556,352,1872,65535
4.98901,2752,1856,5521,2304,3504,352,352,65535,2320,2048,16692,352,17988,352,1344,65535
5.01901,368,1968,5137,2544,3568,336,352,65535,3136,352,17076,352,18948,368,2080,65535
5.048,384,1888,5249,2688,3232,352,336,65535,2960,336,16772,352,18980,352,1568,65535
5.07901,384,1392,2624,2304,3728,352,336,65535,368,352,16179,352,19092,368,1904,65535
5.10901,3088,1888,4641,2480,3728,336,352,65535,384,352,15955,352,18692,352,1216,65535
5.13901,4641,1040,3600,2752,3728,352,352,65535,3168,352,16612,352,18708,352,1936,65535
5.16901,2528,1200,5249,1808,3104,352,336,65535,704,352,15971,352,19924,368,2496,65535
5.20001,384,1024,3248,1200,3376,336,352,65535,368,336,16227,6145,19492,352,1472,65535
5.23001,384,1456,6945,1616,2944,352,352,65535,4417,352,17844,352,21941,4705,2240,65535
5.259,11778,7201,10706,1728,6065,752,352,65535,9010,352,21029,352,24197,10194,6081,65535
5.29001,15011,512,8770,2368,6017,1536,352,65535,20276,352,21381,352,23717,8194,7361,65535
5.32101,18820,352,12355,2320,8722,352,10402,65535,23061,352,23861,368,25286,7713,8882,65535
5.35001,19732,384,12515,2992,9890,352,11650,65535,27222,11810,24870,368,27622,7633,17300,65535
5.38,19908,7601,10690,4161,13027,432,12723,65535,29991,12963,25654,352,32199,8145,23029,65519
5.41101,21221,20148,12210,8177,15763,560,13043,65535,31623,15987,25078,384,31783,5329,24565,65535
5.44,19860,24245,15731,8882,15427,400,14115,65535,30775,16484,25462,384,32151,6993,26662,65535
5.47702,19684,24069,16131,9378,14227,6081,13779,65535,33320,16772,25702,384,32567,11314,26150,65535
5.50702,22485,20308,15027,8466,15251,6849,13987,65535,33368,16131,24325,368,33464,14307,26630,65535
5.53802,22597,22245,17364,7889,14243,7185,13827,65535,35240,16291,26886,352,32647,14707,26374,65535
5.56802,23925,21301,18212,6673,13699,10690,13795,65535,34200,16003,26934,368,31751,13795,26566,65535
5.59802,25094,21733,15651,5489,11698,9042,19780,65535,33304,15939,25798,384,33304,13155,26310,65535
5.62701,24966,21157,12226,4225,13491,8498,14035,65535,32583,16548,27478,384,33304,14227,25862,65535
5.66101,26646,24117,10370,5169,11938,7585,14691,65535,33128,16003,28454,384,33576,15299,26406,65535
5.69,25558,20981,15123,6625,16644,1904,13315,65535,33736,16404,30311,384,33944,16179,25926,65535
5.72,24838,16996,16900,4961,12899,544,14131,65535,34696,17044,29415,368,33064,16115,25078,65535
5.75,26774,12931,13459,2224,17092,544,14291,65535,34024,15971,28662,368,33048,17348,24565,65535
5.78,25894,13363,12483,2208,12947,608,14803,65535,33480,13875,28326,384,33048,18980,23125,65535
5.819,20789,4129,11026,1328,14931,4048,14099,65535,32535,11778,26134,368,31047,18852,17684,65535
5.849,24325,5089,11538,1472,15107,4401,14387,65535,31975,12963,25766,352,30903,15891,14771,65535
5.879,23477,3376,8450,448,12162,4241,15187,65535,29031,9042,25238,352,30103,16452,8402,65535
5.91,20420,6449,1504,1632,10274,2976,13635,65535,27782,8658,25446,368,24630,17876,6753,65535
5.94,18964,3568,4849,544,1856,352,352,65535,19220,7809,21253,352,19220,352,12675,65535
5.97,5681,352,5377,1840,5793,352,352,65535,10386,1472,15651,352,18436,368,8177,65535
6.0,3920,352,336,2016,1376,336,352,65535,9538,2352,19252,368,17892,352,5729,65535
6.03101,384,352,672,2128,1552,352,336,65535,5601,2752,19972,368,15875,352,5249,352
6.06,336,352,3792,2112,1408,336,336,65535,2384,3760,21061,352,17828,352,5425,65535
6.09,368,352,5553,2176,2080,352,352,65535,6385,4625,19348,352,16243,352,4817,65535
6.121,544,352,4529,2224,1792,336,352,65535,6673,2944,18788,352,17172,336,5297,65535
6.15201,384,352,3984,2336,2336,352,352,65535,6049,4193,17252,352,18932,352,5601,65535
6.181,3232,352,3072,2336,2544,352,352,65535,6881,3744,18196,352,20404,352,5297,65535
6.211,384,352,6161,2496,3200,352,352,65535,5873,3776,19028,352,19332,352,5441,65535
6.242,368,352,3904,2544,2976,352,352,65535,5121,4193,20292,368,18900,352,5169,65535
6.272,384,352,5041,2400,3424,352,352,65535,3488,5761,19524,352,18356,352,4913,65535
6.30103,384,352,4753,2384,3296,352,352,65535,384,6977,16596,352,15987,352,5361,65535
6.332,384,352,6097,2272,3488,352,352,65535,3744,4865,17604,352,18324,368,3904,65535
6.362,384,352,4321,2304,2144,336,352,65535,14595,3776,17172,352,27526,352,3392,65535
6.392,3024,352,1168,1872,352,352,336,65535,15891,3264,16660,352,29735,352,3136,65535
6.422,3040,352,5745,2016,352,352,352,65535,26166,352,15011,352,33032,352,7489,65535
6.45203,16644,6673,10722,1248,6689,352,352,65535,28294,352,17716,352,32776,368,17988,65535
6.48203,18516,1344,13699,2448,13747,352,336,65535,31175,13203,21765,384,32183,384,24662,65535
6.513,21205,23733,16484,8450,16644,352,13539,65535,32952,16035,22373,368,34248,2272,27478,65535
6.543,22901,25526,19876,10370,16019,640,13987,65535,34040,19588,23365,352,35128,2016,30919,65535
6.57401,23061,23797,21653,11442,16115,7649,17028,65535,34776,24245,28807,368,35432,384,34424,65535
6.603,23653,23957,24485,19284,19668,3712,18004,65535,37241,25686,28310,384,36696,17044,36504,65535
6.63303,23125,27526,24902,21141,20244,3632,21077,65535,36488,25414,29335,384,37801,14595,36360,65535
6.66501,24549,28630,24229,24117,21461,4032,23557,65535,38377,25990,29159,352,37001,19236,35544,65535
6.69501,25014,29847,25126,25542,20485,10258,23877,65535,38169,28566,29399,384,36552,8546,36392,65535
6.72501,28679,29847,21605,30295,20901,14515,26374,65535,38089,27462,32583,384,37049,12867,35608,65535
6.755,27526,31335,18612,29367,17812,4769,21573,65535,37465,26822,32183,384,33816,18196,33384,65535
6.785,26566,28182,17060,24197,20196,4289,21765,65535,36856,26902,32487,384,35160,15235,32487,65535
6.81601,25958,30551,19428,24165,21253,4369,23397,65535,36360,25318,35304,384,35928,19844,31223,65535
6.84601,26630,27782,16003,17684,18116,4401,18836,65535,36040,25126,35400,384,35272,22261,30807,65535
6.87601,25494,23957,19140,14723,19460,416,15027,65535,35560,25910,33544,384,33240,18852,30791,65535
6.90701,26214,26854,15427,7873,16115,544,18244,65535,31975,23637,33688,384,31367,15763,30871,65535
6.93701,26390,22853,12675,11186,17028,544,14867,65535,31879,25254,33448,384,32663,19796,31495,65535
6.96701,24630,22309,17092,12739,16884,352,10674,65535,33064,23941,33176,384,33368,13635,30151,65535
6.99802,26294,21941,17572,11682,16307,352,13395,65535,33720,24998,33176,384,32039,22485,31847,65535
7.02902,25062,23461,13267,11026,15459,352,13715,65535,32840,23861,33320,384,32856,21989,29207,65535
7.05801,24501,21221,14531,12691,15523,352,20581,65535,33816,24565,33000,384,32968,18820,27078,65535
7.08801,24213,21381,16900,12675,11810,1264,12034,65535,32471,24934,31575,384,32567,12691,31127,65535
7.11902,24229,20228,18900,15523,16003,480,13347,65535,32872,25350,30999,384,33096,18868,31767,65535
7.15002,25158,21413,15843,17540,16259,2864,15379,65535,32920,24742,31239,384,32103,13427,30663,65535
7.18002,21765,23061,15395,18084,17364,576,14675,65535,32487,23445,29383,352,33720,11954,32199,65535
7.20901,19780,22917,17252,23589,16564,384,11490,65535,32968,24726,27718,384,32071,400,31703,65535
7.24002,20885,22581,18740,23989,16099,352,12194,65535,30423,24325,24197,384,31559,352,31559,65535
7.26901,19764,22533,18132,24726,17412,3472,11362,65535,30183,24902,22741,384,31591,384,32423,65535
7.30002,19732,22373,17716,23909,16996,1952,12339,65535,26694,24790,21573,384,32679,384,31895,65535
7.33102,20501,22597,17060,24133,16516,1456,11202,65535,20901,24069,22165,384,32023,384,32551,65535
7.36102,18996,21973,17172,21797,16740,384,368,65535,7905,19220,20388,352,27174,384,32599,65535
7.39102,8274,21957,14643,11682,10370,352,352,65535,10514,9778,12210,368,27846,384,32471,65535
7.42001,5217,23701,15267,6753,12771,384,352,65535,384,10290,11986,368,23477,384,31623,65535
7.45203,432,4817,11810,816,1632,352,352,65535,384,3232,12515,368,18340,368,25174,65535
7.48203,7937,4032,1440,384,2864,352,352,65535,400,352,19508,368,16051,352,18180,65535
7.51102,7953,6177,704,368,1792,352,352,65535,400,352,18244,352,15827,352,18132,65535
7.54202,1568,352,1056,4433,2720,352,352,65535,384,352,17860,368,17092,352,4417,65535
7.57101,4833,352,672,6881,1360,352,352,65535,384,384,21781,384,15827,368,2816,65535
7.60101,3648,352,336,2192,1840,352,352,65535,384,352,18644,368,15491,352,2704,65535
7.63202,3808,352,1024,352,4032,352,352,65535,400,352,16948,368,15203,352,4305,65535
7.668,2896,352,752,352,3920,352,352,65535,400,352,15443,352,15763,352,4289,65535
7.69901,3568,352,512,384,2528,352,352,65535,400,352,17268,352,15507,352,3632,65535
7.729,6897,384,1200,384,2448,336,416,65535,400,368,15891,352,15875,352,4385,65535
7.75803,6913,352,7073,384,3232,352,368,65535,400,336,15539,352,15795,352,4273,65535
7.789,5761,352,7617,384,4401,352,352,65535,400,352,18132,384,17044,352,4881,368
7.82001,480,3616,3264,352,3872,352,352,65535,400,400,17316,368,21541,352,11842,65535
7.85001,1616,8530,5761,352,3120,352,352,65535,416,352,18788,384,19108,384,11042,65535
7.88,400,7937,8129,384,2448,352,352,65535,384,672,16339,352,20549,400,16724,65535
7.91,640,12643,7601,448,13795,464,448,65535,2576,624,17908,544,27414,592,21029,65535
7.94,1024,23829,12002,560,13843,544,496,65535,13219,592,18132,592,28935,672,24565,65535
7.97,1248,23253,12050,608,14435,560,512,65535,23141,688,16836,608,31511,688,27014,65535
8.0,14947,23893,13731,608,15171,560,512,65535,28903,14355,18148,576,33688,656,27334,65535
8.03101,18692,23669,15635,608,16179,592,8498,65535,32087,17188,20757,672,32199,720,29207,65535
8.061,20789,22933,16436,816,18868,848,10850,65535,32295,18468,28006,688,33112,8290,29719,65535
8.091,21637,23493,20388,1776,19876,2976,17092,65535,36969,19684,27398,784,34952,12547,30679,65535
8.121,24373,23765,20452,1200,17204,1984,22229,65535,36536,20356,29303,1088,35688,14771,30807,65535
8.151,26966,24197,15251,1024,18756,864,24341,65535,37465,20116,30263,1152,34104,18212,31927,65535
8.18802,27894,23893,15619,3616,13859,1328,23173,65535,36456,23429,32423,1344,33816,20068,27110,65439
8.21802,26518,24549,14883,4481,15587,3248,23381,65535,36728,20436,32679,1280,33800,23557,27334,65535
8.24902,28470,24630,15123,4289,17620,3232,23461,65535,37689,20533,32904,1280,34456,23109,27142,65535
8.27802,28342,20901,14611,1040,17620,2912,23237,65535,37289,20933,32215,1152,32359,23269,25110,65535
8.30801,27910,19796,16772,1104,17028,2944,22741,65535,36744,21013,32471,1088,33432,25142,27062,65535
8.34,27942,24838,19412,6897,17812,4865,23189,65535,35816,25750,32615,3584,33816,25062,27958,65535
8.37201,28390,24565,19268,13795,15923,9986,24549,65535,34104,25814,34040,10162,32888,26262,29255,65535
8.40201,26886,27222,19124,18244,14803,14371,23989,65535,35528,25654,34664,11426,32872,27446,29639,65535
8.43201,26566,28054,18932,23477,14899,14755,24549,65535,34504,25366,35176,13763,32183,27606,29303,65535
8.461,26214,28054,17316,24870,11362,16692,24646,65535,27222,25766,35336,14179,27398,27766,27462,65535
8.49301,21349,28198,13971,24678,16195,19652,24069,65535,24501,25558,36008,14755,27334,28775,24229,65535
8.52301,18596,29591,18404,23285,11538,18564,15635,65535,23301,25750,37193,14723,28134,27430,21509,65535
8.55301,18180,27734,16083,22325,8242,22997,16836,65535,24277,25430,35432,12467,28935,22581,26790,65535
8.58301,20452,22581,19300,20164,15651,21733,20693,65535,27238,24806,32167,14467,27526,28246,24565,65535
8.61301,18660,28823,14995,20917,5537,13795,17092,65535,28262,24549,29959,13939,28294,27414,27958,65535
8.64401,18628,28038,14563,23861,10146,20949,19156,65535,32231,24341,29095,15171,28775,23365,24918,65535
8.67401,16740,24405,12723,26118,10066,20677,18660,65535,32039,21733,30391,15715,27958,25318,24165,65535
8.70502,17860,25478,14003,26678,10546,18852,17284,65535,27830,21349,31687,16259,26358,22021,22613,65535
8.73502,17284,26390,17428,25062,10770,20949,17940,65535,25542,21029,32007,17012,23813,29511,21845,65535
8.76501,16676,24101,13203,25446,11618,19028,16227,65535,23893,21589,31767,16067,24565,29783,20116,65535
8.79602,16468,26166,13907,27398,12098,20276,18468,65535,21349,21077,34024,18212,23941,30343,22533,65535
8.82703,15763,25702,13187,27126,12483,17748,18884,65535,22165,21045,33320,16852,21285,33192,20997,65535
8.85703,14451,25398,10994,28070,9522,18516,18740,65535,18356,22565,33464,16275,21269,27270,17860,65535
8.88602,15299,24870,11906,29751,11154,18180,17620,65535,18644,21637,32055,16035,21381,30647,19476,65535
8.91702,15443,24565,8754,26982,11186,19748,17780,65535,18580,20997,33256,16083,21013,27046,15123,65535
8.948,14979,21285,10354,26422,11666,20629,18068,65535,19108,20276,31799,16323,20661,26310,16067,65535
8.978,14819,23237,13395,26390,11154,18532,18244,65535,19476,21541,31271,16147,19668,24870,16548,65535
9.00803,15427,26694,12371,26982,11922,17508,17588,65535,19604,20613,32567,15747,21589,22709,18276,65535
9.039,15747,27702,12483,28198,12611,18708,19876,65535,19764,21141,31655,16307,20869,22245,19780,65535
9.069,14787,27974,13571,29495,12515,17892,19284,65535,19956,20949,31735,16179,20164,24998,17924,65535
9.10001,14371,27078,11714,28871,11490,17588,19012,65535,20004,20404,31783,15475,20292,22917,17796,65535
9.13,13619,26694,13475,27206,13331,9346,17988,65535,19220,16596,30407,14307,18788,23813,21589,65535
9.16,10754,26278,13011,23189,10706,3744,17460,65535,14723,16211,24582,10626,19172,15699,19524,65535
9.19,7425,24069,10930,21093,9858,816,11650,65535,8738,7313,21797,9826,18612,13619,11106,65535
9.22,1552,8578,7185,12691,4881,832,512,65535,1264,6945,19412,896,19012,15587,10882,65535
9.25101,1376,6353,6625,2592,3024,608,576,65535,1248,592,6737,656,18212,11330,9266,65535
9.28201,400,368,1152,2576,2240,352,352,65535,384,352,8081,336,18452,384,1280,65535
9.311,400,352,2768,2848,3248,352,352,65535,3072,352,9778,352,17924,368,352,65535
9.341,400,352,2640,2992,3120,352,352,65535,4897,352,8177,352,18436,368,352,65535
9.37201,1360,352,3760,3632,2784,336,352,65535,3664,352,14787,352,17636,352,352,65535
9.401,400,352,2592,2832,2720,352,352,65535,384,352,12307,352,18340,368,1984,65535
9.43201,384,352,2096,2528,2704,352,352,65535,384,352,15587,368,18196,352,576,65535
9.46902,384,352,2080,2320,2848,352,352,65535,672,352,15411,352,19188,352,1568,65535
9.49902,400,352,2192,2528,3504,352,352,65535,384,352,15939,352,19812,352,352,65535
9.52902,400,368,1552,2816,3376,352,352,65535,384,352,16259,352,18356,352,608,65535
9.55902,384,352,5681,2784,3776,352,352,65535,384,352,15459,352,17172,352,1824,65535
9.58801,400,352,3504,7201,3872,352,336,65535,480,608,16932,2224,18644,13315,4481,65535
9.62003,1760,7201,11074,2912,5201,336,9794,65535,8578,8690,23365,384,24565,14979,8578,65519
9.65002,15507,7265,13107,2720,10194,368,12851,65535,21381,9106,24293,352,26694,16067,16131,65535
9.68002,17844,6977,13123,2544,14899,5825,13379,65535,31367,12371,25558,1680,32263,23989,23029,65455
9.71002,21845,15331,13779,11026,12130,4449,13651,65535,32679,14547,27894,384,31927,24517,25542,65535
9.741,22709,19460,14931,20148,15907,7633,14227,65535,34584,16195,32183,384,30663,21909,26166,65471
9.771,25526,23877,15539,20789,14627,5697,20036,65535,35640,24197,33464,384,31559,22677,23605,65519
9.802,22565,22997,16339,20276,14883,6801,12162,65535,34536,24565,32055,384,32247,22661,26054,65535
9.83301,24373,26038,15555,20965,15683,8258,13203,65535,36008,24854,32407,656,32984,22533,27974,65535
9.86301,24245,26806,18244,21909,17220,4993,13251,65535,34824,25670,32647,384,32679,20757,30599,65535
9.89301,23221,26422,20292,19652,17204,1584,13827,65535,34184,26118,34824,384,33048,19012,29655,65535
9.922,23333,26166,16275,23621,16083,18692,17364,65535,37001,24565,35048,384,33688,20581,29415,65535
9.95401,24197,26022,18452,13251,19412,19028,15379,65535,35096,24998,33848,384,33208,26390,31431,65535
9.98401,27270,27206,14003,15571,14275,19220,18340,65535,34120,24854,31815,384,32727,21605,30023,65535
10.014,25126,27286,18964,13923,14723,21653,17220,65535,34904,26342,32776,384,33368,17732,30775,65535
10.044,22661,26758,16724,15859,18292,20308,21045,65535,33896,26150,33608,3200,32503,24918,29111,65535
10.074,25062,27734,16676,12210,17540,20629,22101,65535,33688,25670,34600,6945,34008,27286,31047,65535
10.105,24565,25766,13651,18148,18308,5057,21301,65535,32840,26758,35288,5729,32471,24053,29287,65519
10.135,25478,27158,20324,20709,13379,4833,22325,65535,33160,27110,35464,5825,32936,20853,30023,65535
10.166,24133,27542,20452,14259,16644,14835,27414,65535,34264,24565,35144,5345,32359,19972,31895,65375
10.196,28102,26278,17284,16692,18084,20180,20677,65535,34248,24998,34456,400,34488,24966,32279,65231
10.226,25062,27382,18724,19108,13075,4000,20581,65535,35112,26550,33176,352,34696,20661,29671,65487
10.256,22725,29095,21333,19924,17204,6273,18356,65535,35928,27238,33272,384,36232,20917,30471,65375
10.287,22597,27174,18980,15651,17700,368,14067,65535,35000,26262,30215,384,35784,15251,31799,65503
10.317,21637,27606,22805,15267,17540,1216,16564,65535,35080,26198,30135,384,33768,17588,32279,65535
10.347,18836,25366,12771,15267,17428,384,13971,65535,32327,25782,31143,400,34952,15763,32792,65535
10.377,18948,27462,11090,9794,15043,352,13875,65535,33016,24614,29831,400,32679,18868,29959,65535
10.408,19252,10370,10130,5537,17492,368,13635,65535,28951,12563,28711,384,25430,16596,21077,65535
10.438,17716,4849,896,1824,9026,368,5073,65535,17812,5473,28038,384,19396,19508,14867,65535
10.468,11618,800,1312,1248,7153,352,368,65535,9250,1120,27014,384,16307,20517,5825,65535
10.499,416,352,352,352,1856,352,352,65535,608,352,8658,352,15827,384,1824,65535
10.528,832,352,2928,352,1472,352,352,65535,384,1600,17924,384,19380,384,944,65535
10.559,384,352,3152,352,1840,352,1664,65535,384,2208,19412,384,18100,352,560,65535
10.589,3296,352,1152,832,2608,352,352,65535,384,4305,18484,384,19364,368,384,65535
10.619,400,352,1920,1168,3200,352,352,65535,384,816,19460,384,18132,368,416,65535
10.649,400,352,3200,1360,3552,352,352,65535,384,352,18276,384,15763,352,560,65535
10.678,2320,352,3856,1360,2304,352,352,65535,1824,688,18868,352,18452,384,592,65535
10.708,400,352,3760,1248,2432,352,352,65535,1104,352,17716,368,15219,352,560,65535
10.739,448,368,3568,1280,2944,352,352,65535,400,352,17828,384,16612,384,416,65535
10.775,448,352,1984,1296,2656,352,384,65535,384,352,18404,384,15603,352,400,65503
10.806,5089,368,3792,1264,2944,352,464,65535,384,352,17956,352,16275,352,576,65423
10.835,384,352,2656,1264,2176,352,576,65535,1472,352,18084,384,15491,368,688,400
10.866,13411,384,1104,1296,8274,352,352,65535,25894,5761,28326,384,27062,15891,4433,65535
10.895,20837,384,11538,1200,7505,1824,10898,65535,26694,1984,28134,400,27302,23765,13331,65535
10.925,22309,6561,14003,1184,14019,352,13283,65535,33336,8626,29287,432,32824,12082,17060,65487
10.958,24357,9026,14131,1616,14627,816,15043,65535,35400,11986,31159,864,33480,20004,19684,65535
10.988,26662,15699,15203,1536,15683,8578,20020,65535,37033,15875,34520,928,33896,25654,19860,65535
11.018,29015,21157,17092,2640,16740,2080,15779,65535,37657,18500,33112,992,31623,18356,23493,65535
11.048,28198,26406,16820,4080,12371,1360,19780,65535,38281,19412,33240,1056,33080,18948,26950,65535
11.079,26822,27222,17828,10434,14755,19156,20212,65535,37609,18740,32856,1312,32904,25926,27270,65535
11.109,25014,23189,17796,21157,17220,16147,17124,65535,36408,24565,31223,7361,33496,23125,27350,65199
11.139,26854,24598,18916,20869,14131,4513,16788,65535,36632,24758,30727,11074,32231,22453,28390,65535
11.169,26054,24101,17204,20821,15667,8786,20180,65535,38217,22693,31895,9010,30919,20468,27494,65535
11.2,27926,24582,18500,24614,13411,12867,17188,65535,37177,23301,34472,9826,33672,29031,31431,65503
11.23,28502,27686,22981,25798,14515,7601,15427,65535,35528,22805,33816,10530,32936,22453,31399,65487
11.261,28743,23493,21445,23605,16868,6545,22229,65535,36232,23013,33848,11202,32679,19172,27718,65535
11.292,27302,23493,18564,28070,15315,11298,17876,65535,35896,22709,31943,11794,30871,26678,31703,60878
11.329,22613,24021,25622,25286,15363,10946,18100,65535,35736,23221,33896,11682,30983,29655,30263,65535
11.358,25894,26982,21941,28502,17060,11794,15251,65535,36568,22933,32984,11362,31847,26982,28470,65535
11.388,25638,26582,24565,27574,16388,12307,17732,65535,36632,23013,30727,11874,32663,25734,28566,65503
11.419,27894,23189,17604,26902,15667,12274,15187,65535,37049,21989,31767,10770,31271,26598,29223,65535
11.45,25574,23365,18820,26022,16708,12387,15747,65535,37433,22661,33736,11618,32247,27030,29735,65535
11.48,26342,21541,22197,26550,10050,11666,20372,65535,37481,23477,32007,10770,30039,22421,28502,65535
11.509,27478,22021,20404,24758,16307,9906,13715,65535,37209,23333,30631,10514,30279,19076,25750,65535
11.54,25190,21797,17412,23973,16195,12451,13139,65535,36776,22677,32263,10770,30711,24982,28118,65535
11.571,25190,22821,19108,23557,16339,12210,12258,65535,37145,23205,35800,10258,30503,21989,28054,65535
11.601,23909,20565,16452,22949,15267,9794,11570,65535,37353,22453,31511,11090,30535,25350,26982,65535
11.63,25174,20501,14563,20036,15075,10530,10002,65535,36744,15523,31687,11058,30503,25574,22853,65535
11.661,24902,19892,12835,20501,14387,9506,10642,65535,35608,15507,31319,6513,29319,25558,22165,65535
11.691,24934,5553,7393,17972,7185,2080,10498,65535,33944,9474,32551,7361,26406,25606,7633,65535
11.722,22597,800,656,2512,528,336,6273,65535,22229,384,28743,432,7185,26150,384,65535
11.752,6273,352,656,3152,352,352,352,65535,448,352,21093,384,15795,352,352,65535
11.782,400,352,6081,2816,352,352,368,65535,2752,352,18340,384,16179,352,384,65535
11.812,1312,384,5569,2864,2720,352,352,65535,4721,352,18644,352,16740,352,352,65535
11.842,400,352,6225,2352,2480,336,352,65535,7073,368,15427,368,17556,352,384,65535
11.872,2400,352,3008,2592,4032,352,352,65535,400,352,16484,384,16724,368,368,65535
11.903,384,352,5953,3296,3296,352,352,65535,2480,352,16275,352,18228,368,2608,65535
11.932,384,560,5057,2960,1408,352,352,65535,384,352,16291,384,16724,384,512,65535
11.962,400,352,5297,3648,1680,352,352,65535,1632,352,21525,352,17764,384,1936,65535
11.993,1568,352,4401,3968,1328,352,352,65535,1296,368,20773,384,17348,352,704,65535
12.022,720,352,1024,3968,1232,352,352,65535,1312,352,19220,384,17716,352,1856,65535
12.052,560,352,3216,3424,1408,352,352,65535,1728,352,16580,368,19540,384,2496,65535
12.083,1376,352,5393,3376,352,352,352,65535,4689,352,16964,384,18644,384,1648,65535
12.113,1312,352,5153,3680,1040,336,352,65535,4561,352,15811,368,17460,368,3296,65535
12.143,1040,352,5553,3840,912,352,352,65535,1024,352,16724,384,17796,384,3344,65535
12.173,1920,352,4193,3904,2416,352,352,65535,1488,352,15251,352,17572,368,2624,65535
12.203,384,352,4785,3840,2128,352,352,65535,944,352,17876,384,17204,5457,2720,400
12.233,8177,368,3152,3296,3520,368,352,65535,6561,352,22213,384,21893,17428,368,65535
12.263,9570,368,2064,3504,7041,368,11746,65535,18916,544,25366,384,19748,22357,1008,65535
12.293,11426,384,1872,3520,4417,656,10658,65535,25270,912,28358,384,22677,26502,5409,65471
12.324,18596,6001,10018,3168,13443,1168,13667,65535,29543,9762,29719,384,29095,26902,15235,65535
12.354,19780,8177,12226,3888,11234,3952,14499,65535,32631,8594,32231,640,32023,27206,19412,65535
12.384,23685,9122,15923,4833,13571,4497,16131,65535,33352,15187,31063,3424,30007,30151,24373,65535
12.414,22661,20949,14963,8001,15299,4801,14307,65535,33800,18580,31927,5889,28727,24854,27398,65535
12.445,26950,23189,14003,16868,16163,2352,21461,65535,34168,18452,30791,6305,30551,27286,27878,65295
12.475,26022,22437,16852,17812,17172,2192,22373,65535,34760,19220,30471,2256,30551,23045,26934,65263
12.505,27014,24918,11778,16580,15379,1216,26006,65535,33672,19268,30311,3552,31399,25398,26982,65423
12.536,26006,25638,11842,15587,14227,832,20308,65535,33080,19380,31943,4961,31447,27158,28470,65423
12.566,24870,25318,11138,13331,16147,19428,21589,65535,34136,19092,32631,7409,30503,28214,29271,65519
12.596,25174,27334,11170,8946,15939,19876,19508,65535,33944,23861,32471,9794,32583,24774,27974,65535
12.626,21125,27734,12194,13395,16676,19940,19460,65535,33640,24517,32792,7185,33096,23461,26678,65535
12.657,23221,24501,11730,10114,16227,19476,19860,65535,33944,24582,33256,8338,32968,23557,27526,65535
12.687,25430,24918,11346,17156,17412,18132,13491,65535,34024,24662,32856,6657,33512,24197,25862,65535
12.717,21381,24565,13603,16852,16163,4945,19684,65535,33720,24325,32327,7361,31623,22501,24582,65535
12.749,25286,23685,11858,10978,12611,5761,20805,65535,32519,23829,29671,9186,30807,20581,22053,65535
12.779,24421,25270,14531,13523,14099,5649,18724,65535,31063,25062,29959,384,31287,16804,27830,65535
12.809,23781,26182,14259,13747,14531,464,16227,65535,32503,24533,31175,384,32487,15379,27926,65535
12.839,19956,24101,15379,10722,12323,384,9010,65535,33176,23861,26918,384,32263,368,33320,65535
12.869,21813,25382,14291,11954,16452,368,12883,65535,29079,24149,25526,384,31495,384,32295,65519
12.9,22581,24630,13699,13523,17892,4161,12291,65535,28903,24165,27558,400,31719,13635,31991,65535
12.93,20404,24117,17604,14611,17476,1088,10930,65535,32423,25126,28198,384,32567,14259,29223,65535
12.96,20725,24886,17316,19364,16900,384,11938,65535,32856,27574,28598,384,32599,400,31607,65535
12.991,22037,26790,17892,16804,16548,384,12355,65535,31463,25606,27590,384,32679,384,31031,65535
13.02,22837,23813,16692,14147,16003,384,15651,65535,31479,24870,27238,384,32952,5793,30935,65535
13.051,21045,26294,15603,17396,16964,352,11074,65535,31143,25238,26310,384,34456,384,33080,65535
13.082,20853,24021,20741,17060,16916,608,8242,65535,30983,25990,28775,384,32231,384,31655,65535
13.112,21013,22933,15491,15331,17412,368,12995,65535,31111,25862,27494,384,31719,17796,33384,65535
13.148,23205,23877,16211,15379,15555,384,6721,65535,33256,24726,29879,384,33576,13763,32055,65535
13.178,25350,23013,16131,15699,12499,2064,11026,65535,31639,24069,30295,400,32856,13763,32135,65535
13.209,22533,22021,14291,12242,12755,4289,12547,65535,31495,24598,30135,384,32311,17716,31063,65535
13.24,25142,21733,15283,13219,12627,3984,14163,65535,31111,24357,29383,384,33224,20388,32423,65535
13.27,22149,22101,14947,9522,16868,848,22293,65535,33416,24197,28967,384,33080,18228,31159,65535
13.3,22565,22533,19396,10962,16516,1312,21957,65535,31287,24357,28310,384,32872,14035,29751,65535
13.33,24101,21413,16724,12082,17044,352,12819,65535,30151,23797,26726,384,33624,384,35336,64927
13.36,21973,21525,16388,16323,6353,352,18644,65535,31143,23589,27590,384,32071,384,34360,65535
13.396,23573,20485,18388,8418,11906,352,20565,65535,32279,24934,28086,384,32904,384,33512,65519
13.426,20949,20244,13283,9922,11682,368,20404,65535,30567,19092,29815,384,31095,384,33736,65343
13.457,20132,20949,11522,9490,14803,368,11922,65535,29879,18468,30471,384,29511,15635,31815,65535
13.487,21669,9634,8498,1280,11138,384,20356,65535,27030,17028,28086,384,29527,9922,27190,65535
13.517,21141,4273,5873,1248,11170,368,10898,65535,11842,7313,24565,384,22165,368,22165,65535
13.549,15587,384,416,1376,7233,352,384,65535,400,480,17572,384,19028,368,17492,65535
13.579,400,352,352,1184,4273,352,384,65535,384,576,15139,352,14739,352,13875,65375
13.609,3168,352,352,1248,4369,352,352,65535,400,352,17684,368,13363,352,2528,65455
13.639,8466,528,352,1216,4289,352,352,65535,384,352,19028,384,14307,368,2272,65535
13.668,3872,352,3824,1152,1856,352,352,65535,400,352,17764,368,14179,352,3152,65535
13.699,3744,352,1632,1120,2528,352,352,65535,384,640,20372,352,14211,352,3200,65263
13.73,5169,368,1328,976,3936,352,352,65535,400,352,18324,352,14163,352,1952,65519
13.759,8177,352,2512,560,3376,352,352,65535,400,352,19988,368,15555,352,1840,65535
13.79,2912,352,1600,416,4561,352,384,65535,400,352,17924,352,14435,352,1968,64847
13.82,4161,352,400,496,4129,352,352,65535,400,352,17732,352,16388,352,1584,65535
13.85,4113,352,448,576,3872,336,352,65535,384,352,17364,368,13651,352,2208,65535
13.879,4161,1216,432,1104,3504,352,352,65535,384,928,23893,384,18564,13795,5505,65535
13.911,13187,352,8642,1104,14099,480,8177,65535,21829,5297,24806,384,21269,17588,7841,65535
13.941,15379,7649,8514,1024,14179,640,10882,65535,24469,7425,27270,384,25702,21541,8658,65535
13.971,20773,8866,10194,5089,16484,3856,13075,65535,30103,11906,31239,384,29623,26246,17684,65535
14.001,22213,19156,8898,6993,12194,7137,22309,65535,32455,19220,29591,3872,31367,24101,17764,65535
14.031,23685,24806,11218,15955,12435,7889,19380,65535,34504,19300,33640,3296,31879,22277,22117,65439
14.061,26854,26678,12835,20308,16884,19604,13875,65535,36889,18580,32071,448,31063,26182,23589,65519
14.092,26438,25350,18148,20420,16227,6145,20789,65535,37193,20276,32792,5009,32487,20597,28470,65535
14.123,29655,24533,16051,23333,14435,6881,21173,65535,37657,24742,35368,9442,31415,25398,26022,65391
14.153,28246,24501,17044,24213,19156,5569,16740,65535,37305,25494,33832,10530,31799,22405,28887,63215
14.182,29255,23781,21285,24229,17956,5041,25750,65535,37529,25558,33752,9778,32920,19092,27574,65519
14.212,28855,23381,18084,24982,15107,6593,27414,65535,36873,25366,32263,10546,32055,18516,30039,65535
14.244,27430,24902,19716,24902,14995,4241,21653,65535,36616,25510,33880,10482,30887,21221,27030,65535
14.274,25926,25398,19588,24902,16355,7985,18724,65535,36296,24421,32183,11474,31031,19348,30807,65535
14.304,28054,25366,18308,24758,15939,3328,18052,65535,36456,24389,33224,12066,32423,28310,27558,63391
14.334,27750,26806,18212,20709,15075,6529,10642,65535,37017,25142,33928,11810,32295,29143,29991,65087
14.364,25430,23253,17828,14867,9314,8434,12114,65535,37977,23765,32391,10338,33224,25414,28454,65311
14.395,28038,24197,19076,19428,12242,8097,17508,65535,38137,17124,33144,8914,33592,23045,26838,65359
14.425,28358,23173,17028,19108,14435,6801,16868,65535,37577,16420,33896,8177,31927,22597,27334,65375
14.456,29543,23397,16436,19300,13299,7185,19684,65535,36536,17316,33416,8546,32968,27094,22693,65439
14.486,28983,21285,15651,13603,12483,6033,18836,65535,37193,16644,33736,9858,32856,24149,22581,65423
14.516,29495,23637,16179,16948,14131,7201,19412,65535,36328,16179,33432,8354,32824,23589,22117,65535
14.546,27862,23653,15459,8770,15251,7777,18628,65535,35736,15075,31975,7953,32103,23477,21221,65535
14.577,27158,9810,14899,18612,16708,6625,18772,65535,36152,15171,33000,6993,32904,25030,22437,65535
14.607,26438,9746,14995,17844,15923,7169,19028,65535,35672,15203,32487,6753,31575,25126,20757,65471
14.637,25990,8594,13891,18116,14659,3792,19044,65535,35720,14291,32087,6497,30359,24517,20372,65471
14.667,25174,5681,13395,4097,13571,5185,19252,65535,35416,12563,33272,6209,31063,22101,18052,65535
14.699,24678,576,11970,3968,14659,4801,19204,65535,35320,7697,33048,6881,32151,21381,12002,65535
14.729,25382,7697,12547,4641,13459,4881,19412,65535,35000,9778,31127,6929,32663,21157,13635,65535
14.759,24742,624,12595,2208,6113,4641,19140,65535,34264,9090,30343,6657,31639,21589,9266,65535
14.79,24117,912,10322,2528,3408,3760,24133,65535,30407,8290,30295,384,28294,23221,10066,65535
14.82,23589,1200,10130,2080,3840,3808,23781,65535,29367,8177,29415,384,27782,23365,5185,65535
14.851,22213,6401,10338,2656,3840,2016,14611,65535,25862,7313,27030,800,26374,16612,5905,65535
14.881,19476,4785,10498,8834,3136,672,7905,65535,26358,7809,26950,640,28214,17092,7073,65535
14.911,19428,6337,11794,2864,5585,832,5121,65535,25702,7073,26342,768,28310,16147,7905,65535
14.948,16804,5889,13523,2944,3264,1440,4993,65535,25942,8210,24598,800,25254,18068,4801,65535
14.978,15523,1472,11394,3040,3088,1920,5297,65535,26726,4016,24357,784,25542,18340,4369,65471
15.008,14771,1152,10914,3280,4225,1168,5089,65535,27206,5681,21397,784,24565,14387,5089,65487
15.04,14259,1024,12114,3600,2768,1024,528,65535,21381,6417,17716,704,19732,16275,5601,65535
15.07,14179,3872,6497,3536,2640,560,528,65535,12947,704,18244,688,18500,688,4817,65535
15.1,10514,6961,784,1456,4561,528,512,65535,9554,992,17732,640,16900,608,1568,65535
15.129,7361,2528,544,592,528,416,432,65535,8594,416,18004,416,17620,384,384,65535
15.16,4225,640,3200,432,352,352,352,65535,9714,352,18388,352,19220,368,1440,65535
15.19,3888,368,5281,928,1344,352,352,65535,9250,368,18532,384,19140,368,368,65535
15.22,6449,384,4897,656,2736,352,368,65535,9122,368,19012,368,17668,352,656,64319
15.25,7489,368,5633,592,2880,352,352,65535,8786,352,18164,384,16900,352,384,65535
15.28,7585,352,5361,496,4513,368,352,65535,4833,352,18564,368,17364,368,352,65535
15.309,6625,352,3472,544,4289,352,368,65535,3792,368,18132,384,19604,352,384,65535
15.339,3280,352,4705,416,3760,352,352,65535,7665,352,17748,352,17588,368,640,65535
15.369,1120,352,4369,480,4673,352,352,65535,6081,352,17348,384,16948,352,368,65535
15.4,1792,352,4977,544,4161,352,352,65535,4817,368,18116,368,17732,368,912,65535
15.43,7249,368,5425,544,4641,352,352,65535,5473,352,17844,368,17636,384,448,65535
15.459,7745,384,4833,848,4513,352,352,65535,3872,1232,17108,384,17780,368,784,65535
15.49,3680,384,2880,800,3648,352,352,65535,448,352,16227,384,18500,352,848,65535
15.519,4433,368,5457,768,4785,352,352,65535,1408,352,16964,384,17476,384,1280,65535
15.549,4785,368,5393,896,5137,368,352,65535,400,2768,20148,384,18756,16307,1872,65535
15.581,11330,608,5777,1968,9218,352,4929,65535,9682,368,23781,384,20068,9858,384,65535
15.61,14003,384,4609,2496,12274,352,5057,65535,23989,384,25302,384,20132,13571,512,65535
15.64,16468,384,7425,3712,9314,368,11746,65535,25574,384,27574,384,19348,21221,864,65535
15.67,18308,384,9746,2880,9666,448,13891,65535,24565,1360,28342,384,19396,16788,4689,400
15.701,22533,6321,9106,3152,8177,896,19572,65535,28102,5441,28823,384,24517,22677,9922,65535
15.73,23813,7249,9282,2752,11202,672,19316,65535,32487,8850,30471,384,29015,20741,11298,65535
15.761,23701,8065,10386,2448,15523,352,19844,65535,32199,8530,29575,384,32407,20036,13267,65535
15.792,24726,7169,11202,528,15219,1072,20485,65535,33064,12563,29607,384,32231,17748,12499,65535
15.822,24085,7057,12419,528,16420,1200,20148,65535,33688,12307,30055,384,32391,18452,18356,65439
15.852,23813,8978,14115,592,16740,352,19924,65535,33624,15875,29639,384,31975,21925,21541,65359
15.882,23285,7585,14899,560,14483,1568,21269,65535,35240,16980,30343,384,33112,23653,22085,65535
15.914,27366,18308,15075,2096,14035,2080,20805,65535,34632,18628,29479,720,34072,19284,23941,65535
15.944,28823,23429,14643,10338,14883,1968,20805,65535,34248,20485,30055,3472,32567,28887,25798,65535
15.973,28646,23765,18612,10466,15955,3232,20629,65535,32487,19300,31271,5921,32647,25686,24293,65535
16.003,30391,24565,11954,13459,16772,2144,20196,65535,34072,19620,32936,4625,32663,26166,23973,65535
16.034,27446,24565,15923,14355,16436,6609,19028,65535,34520,23813,33672,9522,33336,16484,24582,65535
16.07,26886,24053,13795,14211,15619,21685,19972,65535,34200,24582,32439,10786,30935,20629,24950,65535
16.101,24934,24565,14595,14147,15923,19508,20869,65535,35144,24469,32311,10050,32792,27206,26422,65535
16.13,25222,24998,14691,14467,14979,7265,20565,65535,33080,24245,31847,9426,33064,24133,27910,65535
16.161,23589,22885,15315,12082,16323,4753,21205,65535,33880,24133,32183,8994,32583,27542,27158,65519
16.191,24742,22917,16532,12419,11586,5761,19796,65535,35176,23941,32840,9394,31415,20068,26022,65535
16.223,24437,24453,14931,11858,11426,4481,18068,65535,33464,18164,32792,10930,31975,21573,26918,65471
16.253,23381,24453,11010,12146,11058,3536,18548,65535,34264,18276,30535,10690,32503,24037,24485,65439
16.284,24565,24485,13651,13027,15715,5841,20196,65535,34728,19364,31319,9858,32808,20709,24982,65455
16.314,24053,25158,13107,10514,15971,14979,25814,65535,34904,23349,31943,9682,33288,19012,24630,65503
16.344,23573,25382,14915,12739,15795,9138,20324,65535,33368,24293,31015,9842,32055,22085,24838,65535
16.375,22885,25014,14483,13123,16724,9298,20228,65535,33704,24149,31143,10146,32519,24293,25670,65535
16.406,23125,25030,14723,14131,14771,18692,20260,65535,33608,21381,32952,10210,33432,25494,25702,65535
16.435,26598,24998,16259,13091,12194,20533,25830,65535,33432,22325,33224,10066,32808,24085,26454,65535
16.465,27398,24726,15683,13731,11458,18388,26070,65535,33320,22917,33048,10034,33000,24565,27302,65535
16.496,27830,24886,15571,16099,14051,18452,22677,65535,34344,21653,31127,9442,32968,26902,27862,65503
16.527,24373,25414,17716,15043,13043,19412,21093,65535,34504,24501,30247,9378,32888,26934,27254,65535
16.557,24806,23653,16804,14803,15155,19204,20517,65535,33208,19524,29127,8866,32792,26582,25494,65535
16.587,23653,23637,15795,11826,15315,19380,19524,65535,32727,19268,30359,9266,30999,27382,26902,65535
16.618,23621,23653,16660,12691,11074,18484,19108,65535,31943,18500,29031,9842,30119,26934,24565,65535
16.648,26118,23269,14947,14771,15459,12739,19268,65535,32808,20388,30663,864,31047,22101,22101,65535
16.678,24485,23285,12547,8306,14003,6209,19140,65535,31319,17492,31991,384,32359,21701,25078,65535
16.709,24085,17828,13635,9010,14131,592,10530,65535,31015,18276,29863,384,32583,16259,27686,65535
16.739,25718,18116,15987,14371,16900,416,14867,65535,31367,19988,29447,384,32535,11858,27494,65535
16.769,21221,21269,14003,13987,17476,368,13555,65535,32647,21045,31943,384,32647,20757,27750,65535
16.807,24277,23733,16964,11906,17204,3216,15011,65535,33560,19108,34280,384,32279,12915,30407,65535
16.837,24101,24565,13539,14435,17460,384,14931,65535,31415,19604,32343,400,32968,3536,31655,65535
16.868,21717,26294,15795,15587,16708,384,10674,65535,30679,19252,26246,384,31703,400,32199,65423
16.898,19380,26278,16291,13219,15811,384,384,65535,27334,18948,27686,384,31543,464,31783,65455
16.928,19332,26310,14035,14291,13571,384,6801,65535,24389,18948,26598,384,32215,384,33320,65503
16.958,18372,24774,14371,13907,12258,384,5345,65535,17988,19572,25190,384,31015,400,33032,65535
16.988,18356,25862,12082,10642,13011,384,9474,65535,24549,18308,23461,384,30343,3760,31815,64431
17.019,13059,25958,13363,11938,12547,384,6913,65535,18964,19412,21765,384,31047,1616,33528,65487
17.049,15875,24678,13139,11618,13971,384,384,65535,16452,19684,15363,464,31511,576,31223,65535
17.08,13667,24614,17028,12114,5409,528,512,65535,12291,20116,14483,592,31383,704,31143,65535
17.11,4097,24565,15779,12435,8177,576,528,65535,14339,18564,19268,656,30039,704,30487,65535
17.14,4385,24774,11922,14243,10834,592,1152,65535,12739,18580,12050,640,31127,800,28759,65535
17.17,14115,24902,12050,16916,13059,656,2784,65535,14307,16660,19716,704,29239,816,29879,65535
17.201,13587,22965,12210,18132,14723,704,6497,65535,19668,16195,19044,768,28374,864,28582,65535
17.231,16804,24886,13747,19348,14211,704,4241,65535,21973,23797,20901,832,28374,896,28983,65535
17.26,13379,25798,13043,16452,12339,736,13187,65535,24533,23701,24870,912,28807,2256,28166,65535
17.291,18660,23861,14867,20565,13955,784,19028,65535,30423,18996,23221,944,30311,4353,27094,65535
17.322,15315,20997,12643,20949,12242,768,2304,65535,31047,16884,23701,944,30663,14723,26566,65535
17.352,17508,22613,12995,18164,13411,736,11890,65535,30791,18436,25622,928,31111,14067,23909,65535
17.381,17588,21861,12082,13843,14067,720,8882,65535,30535,19092,27302,960,31751,3360,24918,65535
17.412,21637,20132,12050,17380,10930,784,7041,65535,32391,18244,25158,928,31943,15363,23557,65535
17.442,17588,8129,11858,15923,7409,1968,14419,65535,32984,18308,30375,992,31255,16964,25030,65535
17.472,18452,8562,10418,15235,10914,3536,16644,65535,34120,16355,25942,944,31143,18980,20468,65535
17.502,16404,8498,9922,12979,3456,4353,11746,65535,30007,16163,27126,960,31463,18004,18068,65535
17.534,16083,3920,6337,1024,4705,2592,13395,65535,29911,13283,28486,944,31703,20805,16804,65535
17.563,18964,3856,7697,2368,5633,656,13379,65535,31559,13395,28006,928,31687,19220,20372,65535
17.593,19364,4257,5505,2336,6113,736,13251,65535,34776,12931,26790,944,31751,19876,20452,65535
17.624,21973,3488,7345,2512,6609,800,12819,65535,34840,12643,28711,944,31623,10754,20356,65535
17.655,21893,4369,7041,2080,8177,896,12066,65535,34184,13651,27974,928,32167,18628,23205,65535
17.685,19268,7265,10242,2304,8322,704,12979,65535,34232,13475,26262,928,31239,19748,24261,65535
17.714,22421,7249,8962,1360,7649,1728,12082,65535,34168,13539,24886,928,30823,19956,24277,65535
17.745,21413,7041,9554,16932,6241,656,12307,65535,33384,13763,24902,912,31271,21829,25046,65535
17.775,15107,7105,11810,17348,7009,656,11586,65535,25478,12883,21893,848,28919,16916,24421,65535
17.806,12867,6577,10530,16660,6273,592,8322,65535,18340,10578,18708,384,23765,368,22517,65535
17.836,400,6417,3488,9474,352,352,384,65535,10130,368,21653,384,15891,368,14115,65535
17.867,608,4625,4177,1424,1936,352,352,65535,400,352,19524,384,14147,384,3408,65535
17.896,1184,352,4321,1664,3488,352,384,65535,384,352,18980,384,15091,368,3504,65535
17.926,3664,352,4913,2864,2016,352,352,65535,1376,352,17348,352,14019,368,2976,65535
17.957,3472,368,5521,3792,1760,352,352,65535,5041,352,17380,352,13475,352,2000,65535
17.987,3648,816,5505,3936,1792,352,352,65535,400,352,16964,384,14291,368,3040,65535
18.017,1472,368,7409,4016,2016,352,352,65535,384,352,19844,368,13459,368,3200,65535
18.047,2336,352,8177,6097,1776,352,352,65535,400,352,20949,384,13491,352,2912,65535
18.078,400,352,8882,5825,1984,352,352,65535,384,352,20869,384,16355,352,2560,400
18.107,704,368,5585,4513,1488,352,352,65535,384,352,20821,368,16612,352,2096,65439
18.137,400,352,6801,4385,1424,352,352,65535,4913,352,21045,384,15923,10114,1824,384
18.167,14739,384,9506,3024,4657,1472,4801,65535,25526,7057,28102,384,27766,20052,18132,65535
18.198,17572,3600,10946,4032,8322,4321,12162,65535,33416,15651,29895,368,30631,23653,23893,65535
18.228,21973,20452,9154,7297,8194,4769,19380,65535,35352,15939,31767,784,30935,21605,23957,65535
18.258,24565,27526,12979,13123,13747,5985,20885,65535,35992,25606,31719,5009,30295,24774,28775,65535
18.289,24277,26646,15235,14883,14243,10626,25734,65535,35432,24037,34648,4289,31703,26854,31271,65535
18.319,25894,27990,17492,21893,17252,12226,22085,65535,36312,26022,35144,4641,32407,29511,30887,65535
18.35,25430,27238,23461,19524,17044,11458,25526,65535,37705,26598,37225,9714,32968,28118,29415,65535
18.38,26118,27430,18580,19284,19172,12050,20965,65535,34920,25718,36392,9714,33592,28582,30903,65535
18.41,28086,30519,18740,20629,20052,11986,21045,65535,35992,26742,35736,9938,33128,24565,31575,65535
18.44,26518,29111,19380,22805,17028,11538,22197,65535,36792,26822,34712,9922,33112,26502,31527,65455
18.47,27910,30423,22709,23221,16067,8738,22837,65535,37385,25430,34200,8754,32776,22085,34232,65535
18.501,29863,29655,20260,22325,17092,9410,24149,65535,37577,26790,34024,8722,33176,21429,31927,65535
18.532,29527,31767,21301,25542,19844,18500,22709,65535,35928,26582,33832,9986,33736,25542,31367,65535
18.562,30871,31175,22565,25782,22037,18356,25430,65535,37129,25558,35240,10162,33480,21429,32856,65535
18.599,26854,30263,21541,26262,19604,17908,27302,65535,37593,24710,35976,10722,33752,21317,34280,65455
18.629,25270,31143,21301,24710,20052,11570,22437,65535,36360,25766,34472,10818,32936,22037,30151,65535
18.666,25174,24501,17812,14723,16804,10834,22805,65535,35128,24614,30983,10274,27990,19524,26294,65535
18.697,22581,24565,13603,10946,18884,1680,18628,65535,30567,23605,25894,10130,19796,23045,24565,65439
18.727,18052,20613,11234,10482,15859,2992,17924,65535,23621,15523,25238,384,16852,22805,18500,65535
18.757,15123,6017,5297,1344,7233,3328,5089,65535,15235,9890,22453,3968,16083,18580,7425,65535
18.787,4048,3456,4177,2192,7553,352,400,65535,11058,1904,4785,8514,14275,9266,6353,65535
18.82,400,3328,2608,384,1872,352,384,65535,3424,352,768,336,15507,12130,5137,65247
18.85,400,448,3888,1536,2016,352,384,65535,4353,352,18868,368,19540,1168,5025,65503
18.88,3760,352,1872,1888,3040,352,3248,65535,1744,384,17716,384,15187,352,3344,65455
18.91,6817,352,944,1552,3584,352,1248,65535,1824,352,20020,352,14739,368,3296,65535
18.94,576,352,2240,2624,3296,352,384,65535,10162,384,19556,384,16035,384,4048,65455
18.97,400,352,4113,2352,3248,352,352,65535,832,672,19044,384,15843,384,4321,65535
19.0,2960,352,5505,2464,3376,352,352,65535,2400,512,18996,384,18468,384,4064,65535
19.031,4833,352,3504,2688,3776,352,352,65535,2192,352,17172,352,19348,352,3488,65535
19.061,5137,368,3984,2512,3472,336,352,65535,400,352,17812,368,15667,384,3360,65535
19.091,5249,384,3664,2352,3104,352,352,65535,2128,352,17604,368,19572,384,3408,65535
19.121,5329,352,4577,2080,3024,352,352,65535,5217,384,19892,384,19668,384,3488,65535
19.151,5281,384,4000,2304,2640,352,352,65535,5217,352,18948,384,19732,368,3296,65535
19.181,5425,368,3360,1120,2624,368,336,65535,21909,384,15667,384,25414,384,4545,65519
19.211,17300,384,5041,800,7729,352,352,65535,29655,384,26278,384,28454,12707,7073,65535
19.242,18948,384,11522,2608,7617,400,11426,65535,31591,8322,28935,384,30599,16932,13219,65535
19.272,23637,400,12002,3888,10322,608,14755,65535,35464,15299,30135,400,31815,13123,24165,65535
19.302,26342,9874,14179,5457,12515,5969,20164,65535,33608,17044,31463,384,32135,20501,26726,65535
19.332,28246,24325,17380,19076,17972,4497,18340,65535,35512,23861,30151,400,30423,21141,32727,65535
19.363,25734,26678,16339,23429,15843,672,13651,65535,33576,24614,29143,384,32119,13411,35096,63903
19.393,23205,28102,18116,26726,15123,384,14419,65535,30007,26278,27974,384,32984,15875,35496,65535
19.423,19780,26694,20436,31383,16067,4497,15923,65535,30391,25718,28470,384,31111,5553,35160,65535
19.454,21589,25142,17220,31495,15123,3248,11970,65535,33720,25830,30503,400,31383,2592,35416,65487
19.483,20164,25526,23685,31927,17060,2368,11090,65535,33304,26358,30535,384,32952,2368,35656,65263
19.514,23397,25910,15507,32519,14387,3088,12931,65535,31943,22629,28679,400,32167,3712,35000,65359
19.544,21589,28502,18436,26950,19540,18644,12739,65535,30311,25846,29591,400,30519,4529,33384,65391
19.575,20436,26214,18132,26902,19044,15875,9698,65535,34008,25990,26934,384,32311,5393,33400,65055
19.605,19076,26694,17668,27990,18628,5809,8290,65535,34088,26150,27702,400,30791,10834,33128,65375
19.634,20340,26822,10066,27894,14931,7377,14883,65535,32936,24998,27702,400,32631,6369,33304,65199
19.666,21509,24870,14435,26374,18452,7905,14611,65535,32039,24373,29255,400,31559,17748,32551,65119
19.696,21125,23893,12547,20581,17316,384,14179,65535,31159,24149,23989,384,32151,15539,32567,65247
19.726,20949,24197,12803,17636,16355,384,12723,65535,27494,24037,27398,400,30407,13187,30871,65439
19.756,20933,21509,8530,19204,16948,8338,12707,65535,25126,19620,27574,400,24549,13443,25062,65439
19.787,15763,5601,5377,17588,14995,384,12435,65535,8322,15635,27542,400,15683,16468,23029,65295
19.818,14435,4064,2352,16404,14819,384,15027,65535,7553,11826,25670,384,15955,12130,17940,65535
19.848,9058,4481,1584,8754,5953,384,384,65535,5889,13187,22389,384,16179,10706,20404,64767
19.878,4273,4817,384,3104,9474,384,384,65535,416,6961,20837,384,14755,384,15331,65487
