timestep,servo1,servo2,servo3,p1,p2,p3,p4,p5,p6,p7,p8,p9,p10,p11,p12,p13,p14,p15,p16,vibratio
0.010579347610473633,170,10,75,512.0,1344.0,400.0,17572.0,512.0,512.0,496.0,65535.0,3216.0,512.0,496.0,512.0,496.0,480.0,496.0,65471.
0.07362580299377441,170,11,75,480.0,480.0,480.0,20036.0,384.0,464.0,480.0,65535.0,4048.0,416.0,432.0,368.0,432.0,480.0,448.0,65311.
0.1362459659576416,170,12,75,416.0,8770.0,416.0,20244.0,496.0,480.0,512.0,65503.0,1616.0,480.0,480.0,480.0,464.0,480.0,480.0,65535.
0.19794344902038574,170,13,75,416.0,5521.0,416.0,20196.0,432.0,384.0,480.0,65535.0,4545.0,416.0,480.0,496.0,2512.0,480.0,480.0,65535.
0.2602074146270752,170,14,75,464.0,8978.0,512.0,20132.0,384.0,384.0,480.0,65535.0,3968.0,480.0,464.0,480.0,480.0,464.0,400.0,65535.
0.3221731185913086,170,15,75,480.0,4016.0,416.0,19044.0,352.0,432.0,464.0,65535.0,4593.0,352.0,432.0,416.0,496.0,416.0,464.0,65535.
0.38538527488708496,170,16,75,464.0,4064.0,496.0,17764.0,464.0,368.0,512.0,65535.0,4545.0,464.0,320.0,432.0,512.0,352.0,512.0,65535.
0.46272993087768555,170,17,75,448.0,3984.0,464.0,17988.0,464.0,528.0,448.0,65087.0,3856.0,352.0,336.0,480.0,496.0,480.0,512.0,65391.
0.5242087841033936,170,18,75,352.0,3520.0,512.0,17940.0,336.0,448.0,512.0,65535.0,3712.0,528.0,464.0,512.0,480.0,496.0,528.0,65503.
0.5862996578216553,170,19,75,448.0,4401.0,480.0,17732.0,512.0,400.0,496.0,65535.0,3264.0,400.0,512.0,336.0,576.0,496.0,352.0,65535.
0.6480014324188232,170,20,75,416.0,4449.0,480.0,17860.0,480.0,464.0,528.0,65535.0,3328.0,512.0,560.0,336.0,416.0,336.0,512.0,65295.
0.7105801105499268,170,21,75,432.0,5121.0,336.0,18148.0,352.0,352.0,336.0,65535.0,2896.0,384.0,352.0,560.0,720.0,352.0,480.0,65535.
0.771796703338623,170,22,75,336.0,4657.0,432.0,18164.0,528.0,464.0,512.0,65183.0,3424.0,352.0,352.0,336.0,688.0,336.0,512.0,65535.
0.8348095417022705,170,23,75,336.0,528.0,432.0,18276.0,400.0,528.0,576.0,65439.0,3488.0,416.0,480.0,512.0,672.0,352.0,432.0,65343.
0.8963029384613037,170,24,75,528.0,576.0,480.0,18436.0,464.0,512.0,384.0,65535.0,3344.0,416.0,480.0,432.0,800.0,304.0,480.0,65535.
0.9586541652679443,170,25,75,352.0,336.0,464.0,18340.0,400.0,464.0,480.0,65535.0,3808.0,512.0,496.0,528.0,720.0,512.0,544.0,65167.
1.0207197666168213,170,26,75,480.0,432.0,352.0,18212.0,352.0,352.0,480.0,65535.0,4145.0,448.0,528.0,496.0,608.0,464.0,528.0,65183.
1.0838291645050049,170,27,75,464.0,352.0,464.0,18500.0,528.0,448.0,464.0,65535.0,768.0,464.0,480.0,4449.0,528.0,336.0,480.0,65535.
1.145620584487915,170,28,75,336.0,480.0,464.0,20709.0,480.0,448.0,272.0,65247.0,1104.0,336.0,336.0,9154.0,464.0,416.0,512.0,65215.
1.2236015796661377,170,29,75,464.0,432.0,480.0,20613.0,496.0,464.0,416.0,65519.0,864.0,560.0,352.0,11538.0,448.0,448.0,416.0,65423.
1.2861709594726562,170,30,75,480.0,464.0,544.0,20821.0,400.0,464.0,496.0,65183.0,1040.0,480.0,464.0,12291.0,400.0,416.0,544.0,65535.
1.348228931427002,170,31,75,352.0,512.0,512.0,22213.0,512.0,528.0,640.0,65535.0,3280.0,480.0,480.0,12499.0,480.0,496.0,512.0,64959.
1.4258835315704346,170,32,75,512.0,496.0,480.0,22613.0,432.0,480.0,480.0,65535.0,2304.0,416.0,352.0,12643.0,448.0,528.0,480.0,64959.
1.4886786937713623,170,33,75,592.0,464.0,336.0,22469.0,480.0,512.0,512.0,65487.0,3792.0,448.0,384.0,13443.0,496.0,464.0,384.0,65199.
1.5514352321624756,170,34,75,512.0,512.0,464.0,23109.0,480.0,496.0,288.0,65535.0,4769.0,480.0,480.0,13507.0,480.0,352.0,400.0,65535.
1.6138944625854492,170,35,75,528.0,480.0,320.0,22933.0,480.0,384.0,352.0,65535.0,3984.0,528.0,416.0,13475.0,384.0,528.0,448.0,65535.
1.6757400035858154,170,36,75,480.0,448.0,480.0,22965.0,528.0,496.0,480.0,65535.0,3936.0,480.0,480.0,13155.0,416.0,480.0,416.0,65311.
1.753279447555542,170,37,75,480.0,528.0,336.0,22853.0,512.0,432.0,352.0,65535.0,4369.0,544.0,464.0,13715.0,480.0,528.0,480.0,65311.
1.8312981128692627,170,38,75,528.0,528.0,352.0,22789.0,336.0,336.0,352.0,65535.0,4497.0,480.0,336.0,14083.0,528.0,496.0,464.0,65343.
1.908545732498169,170,39,75,464.0,416.0,400.0,22693.0,448.0,496.0,352.0,65231.0,4497.0,384.0,512.0,13875.0,480.0,416.0,384.0,64975.
1.9710216522216797,170,40,75,512.0,480.0,400.0,22485.0,528.0,464.0,480.0,65535.0,4481.0,432.0,416.0,14115.0,416.0,352.0,496.0,64991.
2.048578977584839,170,41,75,368.0,384.0,352.0,22181.0,272.0,512.0,400.0,65535.0,4449.0,384.0,528.0,14355.0,512.0,448.0,544.0,65295.
2.11041259765625,170,42,75,336.0,512.0,480.0,22485.0,512.0,400.0,352.0,65167.0,4721.0,368.0,512.0,13667.0,480.0,512.0,464.0,65087.
2.1718783378601074,170,43,75,368.0,464.0,352.0,22485.0,352.0,416.0,528.0,65535.0,4433.0,528.0,480.0,13731.0,464.0,512.0,480.0,65087.
2.2339768409729004,170,44,75,480.0,336.0,544.0,21973.0,512.0,576.0,480.0,65535.0,4961.0,496.0,480.0,13155.0,480.0,496.0,416.0,65087.
2.2965567111968994,170,45,75,528.0,448.0,464.0,21413.0,496.0,384.0,480.0,65535.0,4145.0,400.0,480.0,11874.0,480.0,336.0,448.0,65535.
2.3587520122528076,170,46,75,512.0,496.0,512.0,21717.0,480.0,432.0,416.0,65535.0,3856.0,336.0,496.0,12947.0,480.0,496.0,528.0,65119.
2.420543909072876,170,47,75,480.0,400.0,480.0,21813.0,480.0,464.0,464.0,65535.0,3376.0,528.0,400.0,13859.0,528.0,480.0,512.0,64607.
2.49919056892395,170,48,75,480.0,448.0,368.0,21445.0,512.0,496.0,464.0,65215.0,3264.0,528.0,512.0,13715.0,352.0,544.0,528.0,64735.
2.562349557876587,170,49,75,448.0,416.0,496.0,21573.0,432.0,480.0,464.0,65167.0,3392.0,496.0,496.0,13763.0,496.0,512.0,528.0,65087.
2.6239113807678223,170,50,75,352.0,512.0,352.0,21829.0,416.0,416.0,416.0,65535.0,3168.0,512.0,464.0,13987.0,480.0,512.0,464.0,65071.
2.686523914337158,170,51,75,416.0,432.0,480.0,21429.0,480.0,512.0,544.0,65535.0,2912.0,528.0,352.0,13955.0,320.0,528.0,528.0,65279.
2.7643611431121826,170,52,75,528.0,528.0,528.0,21429.0,432.0,416.0,480.0,65535.0,3216.0,480.0,480.0,14179.0,416.0,544.0,528.0,65487.
2.8272252082824707,170,53,75,464.0,480.0,416.0,22101.0,448.0,464.0,480.0,65535.0,3024.0,352.0,512.0,14243.0,416.0,384.0,368.0,64527.
2.8896942138671875,170,54,75,432.0,400.0,368.0,22325.0,512.0,512.0,352.0,65535.0,3200.0,384.0,512.0,14419.0,336.0,464.0,384.0,65231.
2.950977325439453,170,55,75,496.0,464.0,496.0,21925.0,480.0,496.0,432.0,65183.0,3616.0,432.0,496.0,14483.0,480.0,416.0,384.0,64543.
3.0279531478881836,170,56,75,464.0,544.0,480.0,21349.0,384.0,544.0,480.0,65535.0,3616.0,384.0,544.0,14227.0,464.0,464.0,432.0,65535.
3.090433120727539,170,57,75,512.0,448.0,416.0,22421.0,480.0,528.0,528.0,65535.0,3520.0,400.0,512.0,14083.0,352.0,512.0,384.0,65439.
3.1681132316589355,170,58,75,528.0,464.0,368.0,22197.0,352.0,480.0,528.0,65535.0,3632.0,352.0,352.0,14291.0,352.0,512.0,416.0,64911.
3.2296507358551025,170,59,75,448.0,352.0,512.0,22293.0,416.0,464.0,352.0,65535.0,3472.0,384.0,496.0,14227.0,512.0,528.0,448.0,65103.
3.292160987854004,170,60,75,384.0,544.0,512.0,22405.0,480.0,464.0,496.0,65199.0,3856.0,384.0,368.0,14339.0,544.0,352.0,512.0,64991.
3.399972438812256,170,61,75,512.0,544.0,384.0,22453.0,464.0,464.0,352.0,65343.0,3920.0,352.0,352.0,14115.0,480.0,528.0,512.0,65087.
3.4777348041534424,170,62,75,416.0,496.0,464.0,22581.0,464.0,384.0,528.0,65535.0,3760.0,384.0,480.0,13907.0,400.0,352.0,512.0,65535.
3.5395429134368896,170,63,75,352.0,528.0,448.0,22469.0,496.0,528.0,400.0,65535.0,3136.0,560.0,352.0,13987.0,352.0,432.0,496.0,64991.
3.601360321044922,170,64,75,512.0,464.0,496.0,22117.0,512.0,512.0,416.0,65535.0,3808.0,352.0,352.0,13923.0,480.0,528.0,480.0,65215.
3.663874626159668,170,65,75,480.0,480.0,512.0,22341.0,512.0,512.0,416.0,65535.0,4080.0,512.0,480.0,13891.0,400.0,496.0,448.0,64655.
3.725484609603882,170,66,75,448.0,448.0,432.0,22309.0,384.0,464.0,512.0,65535.0,3808.0,464.0,384.0,13635.0,448.0,496.0,512.0,65087.
3.802881956100464,170,67,75,528.0,352.0,528.0,22837.0,464.0,528.0,416.0,65535.0,3872.0,368.0,384.0,13555.0,320.0,528.0,496.0,64959.
3.8805124759674072,170,68,75,480.0,480.0,448.0,22613.0,512.0,464.0,400.0,65535.0,3504.0,464.0,384.0,13731.0,352.0,544.0,352.0,65359.
3.9579055309295654,170,69,75,528.0,336.0,432.0,22789.0,352.0,512.0,528.0,65535.0,3616.0,496.0,480.0,13411.0,480.0,416.0,480.0,64927.
4.019541025161743,170,70,75,448.0,512.0,512.0,21829.0,512.0,480.0,512.0,65535.0,3840.0,480.0,448.0,13459.0,464.0,384.0,432.0,65183.
4.081247806549072,170,71,75,512.0,512.0,448.0,21861.0,352.0,368.0,512.0,65535.0,3680.0,400.0,496.0,13395.0,512.0,352.0,448.0,65359.
4.158009767532349,170,72,75,400.0,352.0,512.0,21573.0,480.0,400.0,480.0,65359.0,3696.0,464.0,416.0,13619.0,512.0,480.0,416.0,65103.
4.234040260314941,170,73,75,352.0,528.0,320.0,21957.0,528.0,464.0,320.0,65535.0,3424.0,480.0,496.0,13555.0,400.0,432.0,528.0,65535.
4.296854734420776,170,74,75,512.0,416.0,448.0,22357.0,416.0,496.0,432.0,65535.0,3520.0,512.0,512.0,13379.0,448.0,352.0,512.0,65471.
4.374885320663452,170,75,75,496.0,512.0,512.0,21653.0,496.0,512.0,480.0,65535.0,3856.0,432.0,512.0,13139.0,512.0,464.0,496.0,65519.
4.4372406005859375,170,76,75,480.0,384.0,480.0,21973.0,496.0,496.0,464.0,65535.0,3824.0,480.0,416.0,13523.0,384.0,448.0,480.0,65423.
4.514853000640869,170,77,75,416.0,464.0,480.0,21797.0,480.0,352.0,432.0,65151.0,3776.0,448.0,512.0,13523.0,464.0,416.0,384.0,65471.
4.5772788524627686,170,78,75,384.0,480.0,496.0,21669.0,480.0,448.0,480.0,65535.0,3552.0,352.0,544.0,13491.0,480.0,432.0,352.0,65535.
4.639727354049683,170,79,75,560.0,480.0,304.0,21845.0,512.0,448.0,368.0,65535.0,3872.0,368.0,512.0,13459.0,496.0,416.0,560.0,65439.
4.703418016433716,170,80,75,400.0,480.0,448.0,21797.0,352.0,432.0,480.0,65167.0,3792.0,544.0,384.0,13347.0,512.0,384.0,528.0,65423.
4.781555652618408,170,81,75,512.0,480.0,496.0,21733.0,480.0,480.0,480.0,65535.0,3840.0,528.0,432.0,13267.0,528.0,512.0,528.0,65535.
4.8592915534973145,170,82,75,384.0,304.0,400.0,21525.0,480.0,576.0,464.0,65423.0,4048.0,496.0,480.0,13235.0,480.0,480.0,416.0,65535.
4.92133903503418,170,83,75,528.0,528.0,544.0,21701.0,416.0,464.0,384.0,65535.0,3872.0,496.0,512.0,13139.0,480.0,480.0,416.0,65535.
4.983767509460449,170,84,75,480.0,480.0,448.0,21765.0,480.0,464.0,496.0,65535.0,3904.0,352.0,368.0,13203.0,528.0,512.0,512.0,65535.
5.0464537143707275,170,85,75,384.0,480.0,480.0,21589.0,416.0,480.0,512.0,65535.0,4097.0,480.0,416.0,13139.0,512.0,352.0,560.0,64975.
5.109784364700317,170,86,75,480.0,528.0,448.0,22325.0,576.0,480.0,448.0,65423.0,4048.0,512.0,512.0,12611.0,352.0,528.0,496.0,65535.
5.172824859619141,170,87,75,464.0,352.0,384.0,22613.0,528.0,496.0,480.0,65503.0,4241.0,528.0,480.0,12611.0,528.0,528.0,512.0,65535.
5.250565052032471,170,88,75,528.0,416.0,400.0,22469.0,496.0,480.0,480.0,65535.0,3952.0,496.0,480.0,11746.0,512.0,416.0,464.0,65535.
5.327213764190674,170,89,75,448.0,400.0,384.0,22613.0,432.0,400.0,416.0,65535.0,3824.0,512.0,512.0,10898.0,480.0,352.0,480.0,64975.
5.404783725738525,170,90,75,352.0,352.0,448.0,22101.0,400.0,336.0,400.0,65535.0,4145.0,512.0,512.0,10754.0,448.0,528.0,512.0,65359.
5.466865301132202,170,91,75,384.0,384.0,496.0,22309.0,400.0,400.0,384.0,65519.0,3952.0,320.0,480.0,10754.0,480.0,480.0,528.0,64879.
5.528818607330322,170,92,75,416.0,496.0,576.0,21893.0,512.0,464.0,416.0,65535.0,3936.0,496.0,512.0,12419.0,448.0,480.0,464.0,65535.
5.591163873672485,170,93,75,480.0,496.0,336.0,21973.0,480.0,496.0,528.0,65535.0,4000.0,512.0,512.0,12050.0,384.0,416.0,512.0,65471.
5.668379068374634,170,94,75,384.0,464.0,400.0,21909.0,480.0,352.0,400.0,65535.0,4048.0,384.0,464.0,11586.0,432.0,368.0,496.0,64623.
5.7456629276275635,170,95,75,480.0,464.0,528.0,22277.0,480.0,496.0,496.0,65535.0,4048.0,352.0,368.0,10690.0,416.0,480.0,336.0,65535.
5.8074400424957275,170,96,75,384.0,384.0,400.0,22309.0,368.0,528.0,384.0,65535.0,4048.0,352.0,480.0,10642.0,352.0,560.0,384.0,65439.
5.870920181274414,170,97,75,512.0,464.0,432.0,22069.0,432.0,384.0,384.0,65279.0,3952.0,480.0,512.0,10642.0,352.0,528.0,512.0,65375.
5.950967073440552,170,98,75,528.0,400.0,384.0,22469.0,448.0,432.0,480.0,65535.0,3888.0,352.0,512.0,10754.0,464.0,512.0,576.0,65519.
6.012677192687988,170,99,75,464.0,464.0,480.0,22117.0,544.0,528.0,464.0,65343.0,4225.0,480.0,416.0,10418.0,512.0,400.0,352.0,65535.
6.0750298500061035,170,100,75,384.0,576.0,528.0,22213.0,464.0,400.0,416.0,65535.0,3952.0,512.0,480.0,10626.0,464.0,512.0,448.0,65535.
6.136981010437012,170,101,75,416.0,384.0,544.0,22981.0,368.0,416.0,368.0,65535.0,4177.0,368.0,464.0,10690.0,512.0,496.0,496.0,65295.
6.231159448623657,170,102,75,464.0,528.0,352.0,23093.0,464.0,512.0,528.0,65535.0,4080.0,480.0,480.0,10418.0,480.0,480.0,480.0,65407.
6.2947773933410645,170,103,75,416.0,416.0,480.0,23781.0,496.0,464.0,512.0,65535.0,4064.0,480.0,400.0,11730.0,480.0,512.0,512.0,65295.
6.3589160442352295,170,104,75,528.0,496.0,480.0,23477.0,480.0,496.0,480.0,65535.0,4064.0,496.0,512.0,12339.0,480.0,528.0,528.0,65087.
6.4359283447265625,170,105,75,400.0,384.0,384.0,23349.0,384.0,464.0,384.0,65535.0,4273.0,384.0,384.0,13283.0,336.0,352.0,368.0,65535.
6.497333526611328,170,106,75,496.0,544.0,448.0,23877.0,464.0,416.0,464.0,65535.0,3664.0,384.0,544.0,12339.0,480.0,384.0,384.0,65503.
6.559901714324951,170,107,75,384.0,352.0,400.0,23109.0,528.0,336.0,352.0,65535.0,4257.0,480.0,336.0,10690.0,480.0,416.0,480.0,64943.
6.637832403182983,170,108,75,448.0,480.0,352.0,22965.0,512.0,384.0,384.0,65391.0,3984.0,384.0,384.0,10930.0,512.0,528.0,512.0,65215.
6.700470685958862,170,109,75,528.0,464.0,352.0,23253.0,528.0,464.0,512.0,65535.0,3808.0,528.0,416.0,10674.0,480.0,464.0,512.0,65215.
6.763472557067871,170,110,75,528.0,496.0,512.0,23829.0,432.0,480.0,448.0,65535.0,3984.0,512.0,480.0,10466.0,464.0,528.0,512.0,65535.
6.825837850570679,170,111,75,512.0,336.0,528.0,23717.0,512.0,512.0,432.0,65535.0,3872.0,464.0,496.0,10514.0,368.0,352.0,400.0,65327.
6.9029858112335205,170,112,75,496.0,480.0,528.0,23525.0,432.0,496.0,384.0,65535.0,3680.0,480.0,448.0,10546.0,464.0,352.0,368.0,65455.
6.964926242828369,170,113,75,512.0,464.0,480.0,23349.0,464.0,496.0,528.0,65535.0,3616.0,480.0,416.0,10978.0,384.0,496.0,416.0,65535.
7.026579856872559,170,114,75,480.0,416.0,416.0,22869.0,352.0,448.0,496.0,65535.0,3856.0,512.0,368.0,10898.0,512.0,368.0,384.0,65407.
7.089533090591431,170,115,75,480.0,480.0,432.0,23685.0,480.0,496.0,384.0,65247.0,4113.0,464.0,368.0,10642.0,512.0,352.0,400.0,64815.
7.152630090713501,170,116,75,448.0,432.0,528.0,23813.0,352.0,400.0,512.0,65535.0,3552.0,384.0,512.0,10770.0,512.0,496.0,464.0,65535.
7.215386152267456,170,117,75,496.0,464.0,480.0,23893.0,464.0,512.0,416.0,65535.0,3856.0,464.0,384.0,10754.0,464.0,480.0,432.0,65007.
7.277664661407471,170,118,75,464.0,480.0,400.0,23749.0,448.0,352.0,432.0,65535.0,4000.0,368.0,496.0,10914.0,464.0,528.0,544.0,65535.
7.34092116355896,170,119,75,544.0,384.0,464.0,23525.0,528.0,528.0,464.0,65535.0,3872.0,512.0,432.0,12355.0,528.0,512.0,560.0,65295.
0.010892391204833984,170,10,75,512.0,7217.0,384.0,20741.0,432.0,512.0,512.0,65535.0,4048.0,480.0,464.0,480.0,480.0,464.0,480.0,65231.
0.07293510437011719,170,11,75,432.0,7265.0,432.0,20709.0,432.0,384.0,416.0,65535.0,4000.0,400.0,304.0,432.0,464.0,320.0,512.0,64607.
0.13585495948791504,170,12,75,336.0,7281.0,432.0,20741.0,464.0,320.0,448.0,65535.0,3920.0,480.0,544.0,480.0,256.0,336.0,496.0,65423.
0.19870615005493164,170,13,75,528.0,496.0,336.0,21029.0,496.0,512.0,512.0,65535.0,5441.0,512.0,464.0,9250.0,480.0,6081.0,480.0,65535.
0.2623724937438965,170,14,75,576.0,528.0,512.0,20725.0,512.0,480.0,480.0,65535.0,6097.0,496.0,400.0,5393.0,720.0,480.0,368.0,65535.
0.3235502243041992,170,15,75,480.0,480.0,544.0,20965.0,352.0,544.0,528.0,65535.0,6721.0,560.0,512.0,10322.0,704.0,7601.0,400.0,64799.
0.3856792449951172,170,16,75,464.0,528.0,336.0,20997.0,352.0,496.0,496.0,65535.0,6401.0,400.0,512.0,10530.0,560.0,400.0,352.0,64863.
0.44776225090026855,170,17,75,512.0,512.0,464.0,20965.0,496.0,480.0,384.0,65535.0,6529.0,352.0,400.0,11330.0,816.0,5201.0,480.0,65007.
0.5111780166625977,170,18,75,480.0,464.0,416.0,22389.0,464.0,464.0,480.0,65535.0,6609.0,384.0,416.0,13283.0,704.0,736.0,464.0,65535.
0.6031460762023926,170,19,75,464.0,400.0,352.0,22533.0,464.0,336.0,352.0,65535.0,6545.0,512.0,464.0,13987.0,784.0,512.0,464.0,65183.
0.6816823482513428,170,20,75,432.0,544.0,480.0,22453.0,352.0,496.0,352.0,65535.0,6673.0,400.0,352.0,13891.0,736.0,480.0,480.0,65471.
0.743049144744873,170,21,75,528.0,512.0,416.0,22613.0,496.0,464.0,480.0,65535.0,6705.0,416.0,384.0,14275.0,688.0,464.0,432.0,64975.
0.8205280303955078,170,22,75,352.0,368.0,464.0,22709.0,432.0,480.0,352.0,65487.0,6337.0,512.0,512.0,14387.0,704.0,464.0,496.0,65279.
0.8825390338897705,170,23,75,480.0,528.0,352.0,22437.0,512.0,336.0,368.0,65535.0,6545.0,464.0,432.0,14419.0,720.0,464.0,352.0,65215.
0.9436588287353516,170,24,75,416.0,400.0,480.0,22357.0,480.0,512.0,480.0,65535.0,6433.0,544.0,496.0,14339.0,688.0,464.0,464.0,64991.
1.006206750869751,170,25,75,512.0,224.0,528.0,22693.0,400.0,480.0,480.0,65519.0,6417.0,496.0,512.0,14371.0,512.0,352.0,512.0,65535.
1.0684940814971924,170,26,75,304.0,352.0,512.0,22837.0,512.0,528.0,544.0,65535.0,5761.0,512.0,576.0,14227.0,464.0,480.0,384.0,64879.
1.1447031497955322,170,27,75,512.0,512.0,480.0,22549.0,432.0,480.0,432.0,65535.0,5185.0,416.0,592.0,14307.0,496.0,464.0,512.0,65183.
1.2078216075897217,170,28,75,480.0,384.0,400.0,22741.0,512.0,464.0,512.0,65535.0,5393.0,512.0,464.0,14291.0,496.0,416.0,464.0,65535.
1.2702693939208984,170,29,75,480.0,464.0,416.0,22949.0,448.0,336.0,368.0,65535.0,5441.0,528.0,480.0,14035.0,528.0,480.0,448.0,65535.
1.3482701778411865,170,30,75,512.0,400.0,512.0,22725.0,464.0,560.0,528.0,65503.0,5153.0,416.0,480.0,14291.0,352.0,544.0,512.0,65327.
1.410745620727539,170,31,75,352.0,352.0,512.0,23317.0,384.0,368.0,464.0,65535.0,4449.0,512.0,512.0,14403.0,336.0,432.0,544.0,65183.
1.4728522300720215,170,32,75,560.0,352.0,448.0,23349.0,320.0,560.0,512.0,65519.0,4369.0,448.0,464.0,14275.0,464.0,496.0,368.0,65471.
1.535348653793335,170,33,75,512.0,512.0,480.0,23285.0,512.0,464.0,512.0,65535.0,4561.0,464.0,464.0,14227.0,464.0,448.0,384.0,64719.
1.5973033905029297,170,34,75,416.0,400.0,480.0,23877.0,464.0,304.0,464.0,65087.0,3984.0,464.0,512.0,13971.0,400.0,448.0,400.0,65535.
1.659182071685791,170,35,75,448.0,432.0,512.0,24069.0,464.0,384.0,480.0,65535.0,3904.0,432.0,480.0,14275.0,384.0,560.0,512.0,65535.
1.722273588180542,170,36,75,480.0,496.0,352.0,23845.0,512.0,480.0,512.0,65199.0,4417.0,464.0,368.0,14115.0,448.0,400.0,544.0,65231.
1.7843103408813477,170,37,75,464.0,400.0,352.0,23845.0,480.0,336.0,496.0,65535.0,4417.0,528.0,496.0,15027.0,528.0,496.0,336.0,65375.
1.8468425273895264,170,38,75,528.0,512.0,528.0,23365.0,560.0,496.0,480.0,65535.0,5777.0,480.0,480.0,14563.0,400.0,464.0,352.0,65535.
1.90873122215271,170,39,75,592.0,464.0,512.0,23045.0,496.0,464.0,448.0,65535.0,5329.0,480.0,560.0,14243.0,416.0,496.0,528.0,65535.
1.9877007007598877,170,40,75,464.0,544.0,464.0,23301.0,400.0,512.0,512.0,65535.0,4769.0,512.0,480.0,14371.0,528.0,544.0,416.0,65535.
2.04962158203125,170,41,75,528.0,464.0,400.0,22933.0,480.0,384.0,512.0,65535.0,4625.0,528.0,512.0,14387.0,672.0,480.0,416.0,65535.
2.112429141998291,170,42,75,464.0,464.0,416.0,22885.0,480.0,352.0,448.0,65535.0,4417.0,416.0,352.0,14339.0,544.0,480.0,528.0,65295.
2.1742758750915527,170,43,75,560.0,352.0,496.0,23045.0,416.0,480.0,432.0,65535.0,3536.0,496.0,528.0,14259.0,864.0,512.0,416.0,65359.
2.2366220951080322,170,44,75,480.0,336.0,496.0,22725.0,512.0,512.0,464.0,65535.0,3920.0,480.0,544.0,14259.0,512.0,496.0,416.0,65439.
2.2997853755950928,170,45,75,512.0,496.0,480.0,22917.0,480.0,400.0,480.0,65535.0,3648.0,336.0,352.0,14163.0,480.0,528.0,528.0,65535.
2.3623046875,170,46,75,496.0,512.0,400.0,22949.0,496.0,496.0,528.0,65535.0,3168.0,512.0,464.0,14291.0,480.0,384.0,400.0,65039.
2.4238646030426025,170,47,75,512.0,480.0,528.0,23557.0,352.0,496.0,352.0,65327.0,3456.0,464.0,480.0,14531.0,464.0,512.0,352.0,65151.
2.485532760620117,170,48,75,512.0,544.0,480.0,23701.0,384.0,336.0,384.0,65199.0,3904.0,512.0,480.0,14275.0,496.0,432.0,528.0,65135.
2.546814441680908,170,49,75,464.0,480.0,480.0,23365.0,480.0,432.0,352.0,65535.0,3968.0,464.0,352.0,14563.0,432.0,512.0,480.0,65471.
2.62446665763855,170,50,75,512.0,512.0,480.0,23333.0,528.0,384.0,512.0,65375.0,4417.0,512.0,512.0,14499.0,512.0,336.0,512.0,65295.
2.6880314350128174,170,51,75,416.0,480.0,512.0,23509.0,448.0,512.0,512.0,65535.0,4945.0,512.0,416.0,14435.0,336.0,480.0,496.0,65279.
2.7506377696990967,170,52,75,528.0,544.0,544.0,23317.0,416.0,384.0,496.0,65535.0,4657.0,384.0,480.0,14483.0,464.0,464.0,352.0,65535.
2.8140618801116943,170,53,75,480.0,336.0,384.0,23621.0,512.0,384.0,368.0,65535.0,4641.0,464.0,368.0,14467.0,480.0,400.0,352.0,65231.
2.8758697509765625,170,54,75,496.0,480.0,352.0,23605.0,464.0,496.0,384.0,65535.0,4769.0,528.0,496.0,14291.0,352.0,512.0,512.0,65247.
2.9374873638153076,170,55,75,512.0,384.0,400.0,23653.0,512.0,480.0,352.0,65535.0,5041.0,528.0,384.0,14467.0,528.0,512.0,528.0,65343.
2.998674154281616,170,56,75,352.0,528.0,464.0,23461.0,400.0,352.0,400.0,65535.0,4689.0,528.0,368.0,14339.0,512.0,448.0,496.0,65375.
3.060021162033081,170,57,75,416.0,496.0,512.0,23397.0,512.0,512.0,560.0,65535.0,4801.0,400.0,400.0,14499.0,384.0,528.0,432.0,65535.
3.121832847595215,170,58,75,432.0,400.0,384.0,23381.0,400.0,432.0,496.0,65535.0,4657.0,384.0,432.0,14611.0,512.0,512.0,480.0,65535.
3.2148847579956055,170,59,75,544.0,384.0,480.0,23205.0,384.0,400.0,512.0,65535.0,4609.0,528.0,400.0,14515.0,480.0,512.0,416.0,65359.
3.277266263961792,170,60,75,512.0,512.0,528.0,23173.0,416.0,384.0,496.0,65535.0,4689.0,496.0,480.0,14435.0,496.0,512.0,512.0,65535.
3.340439558029175,170,61,75,352.0,384.0,448.0,23525.0,464.0,528.0,480.0,65535.0,3968.0,528.0,432.0,14435.0,512.0,496.0,480.0,65455.
3.4177377223968506,170,62,75,416.0,480.0,448.0,23253.0,464.0,480.0,384.0,65535.0,3152.0,480.0,512.0,14627.0,480.0,368.0,384.0,65535.
3.4794647693634033,170,63,75,464.0,496.0,400.0,23333.0,352.0,464.0,256.0,65103.0,3536.0,416.0,480.0,14259.0,448.0,448.0,368.0,65183.
3.541574001312256,170,64,75,384.0,384.0,528.0,23349.0,512.0,368.0,464.0,65535.0,2720.0,480.0,384.0,14275.0,464.0,560.0,480.0,65535.
3.604313850402832,170,65,75,352.0,384.0,352.0,23317.0,480.0,384.0,512.0,65535.0,3856.0,528.0,512.0,14515.0,496.0,448.0,464.0,65263.
3.666996955871582,170,66,75,352.0,512.0,576.0,23781.0,576.0,512.0,480.0,65535.0,3504.0,496.0,464.0,14355.0,480.0,448.0,560.0,65535.
3.73095440864563,170,67,75,464.0,416.0,480.0,23493.0,448.0,464.0,400.0,65535.0,3296.0,384.0,528.0,14499.0,352.0,464.0,512.0,65535.
3.7932374477386475,170,68,75,512.0,432.0,416.0,23685.0,464.0,560.0,336.0,65535.0,4016.0,464.0,448.0,14467.0,496.0,288.0,480.0,65535.
3.854757785797119,170,69,75,544.0,384.0,528.0,23461.0,432.0,480.0,400.0,65119.0,2896.0,512.0,448.0,14531.0,352.0,240.0,512.0,65455.
3.916724443435669,170,70,75,432.0,528.0,448.0,23061.0,416.0,480.0,512.0,65455.0,3424.0,480.0,512.0,14371.0,480.0,416.0,416.0,65535.
3.9935925006866455,170,71,75,448.0,368.0,384.0,23013.0,432.0,416.0,384.0,65535.0,3088.0,496.0,432.0,14435.0,496.0,512.0,512.0,65247.
4.056505441665649,170,72,75,336.0,448.0,400.0,23269.0,528.0,496.0,384.0,65535.0,3248.0,400.0,528.0,14387.0,560.0,464.0,400.0,65439.
4.118170261383057,170,73,75,544.0,512.0,512.0,23061.0,480.0,512.0,496.0,65055.0,3136.0,384.0,544.0,14339.0,480.0,464.0,544.0,65199.
4.195833921432495,170,74,75,528.0,368.0,384.0,23173.0,400.0,448.0,368.0,65535.0,3504.0,528.0,384.0,14371.0,464.0,512.0,384.0,64879.
4.273345470428467,170,75,75,400.0,352.0,528.0,23349.0,384.0,512.0,512.0,65535.0,3344.0,512.0,480.0,14163.0,400.0,512.0,496.0,65071.
4.337284803390503,170,76,75,448.0,480.0,512.0,23397.0,480.0,512.0,480.0,65535.0,3488.0,464.0,512.0,14355.0,432.0,464.0,384.0,65535.
4.400362014770508,170,77,75,464.0,384.0,512.0,23253.0,512.0,512.0,480.0,65167.0,3632.0,432.0,464.0,14259.0,352.0,384.0,512.0,65535.
4.461886167526245,170,78,75,384.0,480.0,592.0,23093.0,496.0,496.0,480.0,65535.0,4145.0,480.0,560.0,14179.0,384.0,512.0,480.0,65535.
4.53919243812561,170,79,75,336.0,464.0,560.0,22869.0,512.0,528.0,352.0,65535.0,3888.0,416.0,432.0,14547.0,352.0,544.0,480.0,65535.
4.600845813751221,170,80,75,560.0,512.0,512.0,22965.0,528.0,208.0,384.0,65375.0,3664.0,512.0,448.0,14531.0,448.0,384.0,512.0,65295.
4.6631574630737305,170,81,75,384.0,512.0,432.0,23221.0,400.0,384.0,384.0,65535.0,4000.0,464.0,512.0,14531.0,480.0,368.0,480.0,65535.
4.726517200469971,170,82,75,352.0,352.0,528.0,23461.0,528.0,400.0,528.0,65535.0,3984.0,464.0,448.0,14291.0,528.0,512.0,544.0,65535.
4.78920578956604,170,83,75,416.0,480.0,496.0,23237.0,384.0,480.0,512.0,65535.0,3792.0,480.0,464.0,14515.0,352.0,432.0,384.0,64927.
4.850602388381958,170,84,75,464.0,464.0,512.0,23301.0,512.0,480.0,496.0,65455.0,3936.0,384.0,368.0,14499.0,416.0,352.0,528.0,65535.
4.912912130355835,170,85,75,336.0,464.0,368.0,23637.0,464.0,512.0,448.0,65263.0,3936.0,528.0,352.0,14355.0,480.0,400.0,432.0,64911.
4.974218845367432,170,86,75,448.0,480.0,544.0,23541.0,496.0,352.0,528.0,65311.0,4401.0,544.0,368.0,14803.0,512.0,464.0,528.0,65535.
5.051515817642212,170,87,75,464.0,384.0,512.0,23429.0,464.0,464.0,544.0,65231.0,4000.0,464.0,384.0,14371.0,496.0,528.0,336.0,65215.
5.11399507522583,170,88,75,496.0,480.0,512.0,23413.0,544.0,512.0,480.0,65535.0,3856.0,352.0,352.0,15299.0,464.0,400.0,528.0,65535.
5.190972566604614,170,89,75,464.0,512.0,464.0,23445.0,432.0,480.0,512.0,65535.0,3200.0,464.0,448.0,15299.0,464.0,464.0,512.0,65503.
5.268606662750244,170,90,75,480.0,512.0,432.0,22949.0,480.0,384.0,480.0,65535.0,3520.0,480.0,464.0,15283.0,480.0,528.0,544.0,65247.
5.330685377120972,170,91,75,528.0,384.0,352.0,23269.0,496.0,384.0,512.0,65535.0,3856.0,512.0,384.0,14403.0,352.0,496.0,416.0,65439.
5.3923094272613525,170,92,75,448.0,512.0,528.0,23333.0,448.0,512.0,480.0,65535.0,3936.0,480.0,512.0,14387.0,512.0,368.0,560.0,65535.
5.454905271530151,170,93,75,416.0,400.0,512.0,22901.0,480.0,480.0,400.0,65535.0,3776.0,480.0,496.0,14339.0,528.0,336.0,400.0,65519.
5.517812490463257,170,94,75,480.0,464.0,512.0,23237.0,464.0,512.0,528.0,65535.0,3648.0,384.0,352.0,14179.0,512.0,512.0,336.0,65455.
5.579428672790527,170,95,75,384.0,416.0,400.0,23429.0,432.0,384.0,496.0,65327.0,3584.0,400.0,448.0,14259.0,352.0,384.0,480.0,65503.
5.64115047454834,170,96,75,512.0,528.0,496.0,23621.0,400.0,352.0,512.0,65535.0,3536.0,400.0,464.0,13987.0,352.0,480.0,512.0,65311.
5.703148365020752,170,97,75,544.0,512.0,544.0,23909.0,480.0,496.0,432.0,65535.0,3456.0,480.0,480.0,14131.0,528.0,480.0,416.0,65279.
5.764617919921875,170,98,75,544.0,480.0,512.0,24037.0,576.0,496.0,480.0,65535.0,3488.0,384.0,400.0,14307.0,480.0,480.0,480.0,65535.
5.827838897705078,170,99,75,528.0,480.0,512.0,24053.0,464.0,480.0,400.0,65535.0,3312.0,560.0,416.0,14339.0,352.0,384.0,384.0,65039.
5.889866352081299,170,100,75,464.0,416.0,512.0,24517.0,448.0,480.0,496.0,65535.0,3648.0,464.0,480.0,13955.0,464.0,448.0,384.0,65535.
5.952724456787109,170,101,75,480.0,448.0,496.0,23589.0,432.0,464.0,512.0,65535.0,4145.0,384.0,560.0,14115.0,464.0,480.0,512.0,65311.
6.016133785247803,170,102,75,416.0,352.0,480.0,24341.0,512.0,496.0,448.0,65487.0,4145.0,512.0,448.0,15235.0,480.0,512.0,496.0,65455.
6.078689336776733,170,103,75,480.0,288.0,512.0,24565.0,480.0,480.0,480.0,65535.0,3360.0,528.0,384.0,14595.0,544.0,528.0,464.0,65535.
6.1570188999176025,170,104,75,480.0,448.0,464.0,24069.0,480.0,480.0,480.0,65535.0,3760.0,512.0,432.0,15955.0,512.0,480.0,480.0,65119.
6.219087839126587,170,105,75,368.0,416.0,512.0,23685.0,480.0,416.0,512.0,65535.0,4000.0,576.0,448.0,14787.0,448.0,432.0,480.0,65535.
6.280795335769653,170,106,75,352.0,336.0,480.0,24453.0,384.0,432.0,480.0,65423.0,4449.0,480.0,464.0,16131.0,352.0,352.0,480.0,65535.
6.3586578369140625,170,107,75,400.0,384.0,400.0,24742.0,528.0,432.0,368.0,65535.0,4129.0,480.0,368.0,15507.0,464.0,464.0,384.0,64943.
6.420263051986694,170,108,75,512.0,512.0,384.0,24277.0,464.0,400.0,464.0,65535.0,4161.0,384.0,464.0,15651.0,416.0,544.0,384.0,65535.
6.4825005531311035,170,109,75,528.0,384.0,480.0,24902.0,512.0,480.0,480.0,65535.0,4113.0,432.0,448.0,13923.0,432.0,448.0,448.0,65135.
6.560196399688721,170,110,75,512.0,432.0,352.0,24037.0,400.0,384.0,352.0,65535.0,4289.0,528.0,352.0,13731.0,400.0,416.0,432.0,65295.
6.622769594192505,170,111,75,464.0,400.0,512.0,24614.0,512.0,480.0,512.0,65503.0,4177.0,512.0,512.0,13491.0,464.0,480.0,512.0,65359.
6.685025215148926,170,112,75,384.0,352.0,432.0,24838.0,512.0,512.0,640.0,65535.0,4129.0,384.0,480.0,13427.0,480.0,432.0,480.0,65295.
6.746706247329712,170,113,75,480.0,512.0,400.0,24646.0,432.0,480.0,528.0,65535.0,4129.0,384.0,448.0,13347.0,528.0,512.0,528.0,65535.
6.8235204219818115,170,114,75,480.0,512.0,432.0,24902.0,480.0,480.0,432.0,65535.0,4193.0,480.0,464.0,13715.0,464.0,416.0,384.0,65535.
6.885939121246338,170,115,75,512.0,464.0,432.0,25014.0,480.0,544.0,496.0,65535.0,4385.0,352.0,352.0,13955.0,416.0,384.0,416.0,65535.
6.948781490325928,170,116,75,480.0,480.0,464.0,25158.0,464.0,496.0,512.0,65535.0,4064.0,480.0,352.0,13747.0,448.0,512.0,384.0,64879.
7.02785325050354,170,117,75,512.0,432.0,576.0,25126.0,464.0,464.0,384.0,65071.0,4401.0,432.0,448.0,14275.0,464.0,544.0,480.0,65247.
7.090193510055542,170,118,75,416.0,464.0,464.0,24662.0,336.0,464.0,400.0,65535.0,4353.0,352.0,352.0,14259.0,416.0,528.0,528.0,65407.
7.152012825012207,170,119,75,512.0,368.0,480.0,24565.0,592.0,528.0,496.0,65535.0,4032.0,544.0,480.0,14227.0,496.0,512.0,512.0,65279.
0.01083064079284668,170,10,75,496.0,2208.0,464.0,20661.0,448.0,352.0,464.0,65535.0,4000.0,432.0,464.0,448.0,480.0,480.0,512.0,65263.
0.10403013229370117,170,11,75,512.0,1376.0,480.0,20789.0,464.0,480.0,480.0,65535.0,3904.0,400.0,512.0,432.0,448.0,448.0,464.0,65407.
0.16595077514648438,170,12,75,480.0,384.0,400.0,20917.0,496.0,480.0,480.0,65535.0,5649.0,448.0,336.0,9746.0,480.0,512.0,448.0,65535.
0.2285773754119873,170,13,75,288.0,480.0,512.0,20757.0,512.0,512.0,512.0,65535.0,3648.0,512.0,480.0,8770.0,336.0,336.0,512.0,65167.
0.30628275871276855,170,14,75,352.0,368.0,464.0,21045.0,384.0,432.0,352.0,65535.0,4145.0,496.0,352.0,10162.0,512.0,2480.0,480.0,65535.
0.3686509132385254,170,15,75,512.0,336.0,448.0,20821.0,464.0,352.0,480.0,65535.0,4625.0,352.0,512.0,10082.0,480.0,416.0,496.0,65455.
0.4296591281890869,170,16,75,336.0,384.0,512.0,20949.0,352.0,352.0,480.0,65535.0,4705.0,496.0,304.0,10514.0,512.0,1888.0,432.0,65471.
0.49163055419921875,170,17,75,448.0,512.0,352.0,21125.0,512.0,512.0,528.0,65535.0,4593.0,480.0,464.0,12339.0,480.0,432.0,448.0,65535.
0.5528650283813477,170,18,75,496.0,512.0,448.0,22277.0,528.0,512.0,480.0,65535.0,4593.0,512.0,496.0,14275.0,336.0,512.0,432.0,65535.
0.6154971122741699,170,19,75,416.0,480.0,544.0,22373.0,416.0,400.0,352.0,65535.0,5041.0,352.0,480.0,14531.0,480.0,608.0,352.0,65535.
0.678372859954834,170,20,75,352.0,400.0,432.0,22453.0,416.0,528.0,480.0,65535.0,5297.0,512.0,528.0,16852.0,480.0,512.0,512.0,65359.
0.7392618656158447,170,21,75,544.0,336.0,464.0,22661.0,512.0,352.0,544.0,65535.0,5201.0,480.0,352.0,17236.0,480.0,496.0,416.0,65215.
0.8013460636138916,170,22,75,432.0,480.0,336.0,22613.0,464.0,512.0,512.0,65439.0,4401.0,496.0,480.0,16804.0,512.0,448.0,480.0,65391.
0.879690408706665,170,23,75,352.0,352.0,352.0,22613.0,544.0,432.0,480.0,65535.0,4481.0,400.0,464.0,16788.0,512.0,432.0,512.0,65407.
0.9418432712554932,170,24,75,384.0,352.0,512.0,22757.0,384.0,448.0,512.0,65391.0,4737.0,528.0,512.0,16804.0,384.0,480.0,560.0,65375.
1.003727912902832,170,25,75,464.0,480.0,288.0,22709.0,512.0,464.0,416.0,65535.0,3392.0,512.0,544.0,17044.0,496.0,448.0,464.0,65535.
1.0662167072296143,170,26,75,512.0,480.0,496.0,22629.0,480.0,496.0,480.0,65535.0,3792.0,336.0,432.0,17108.0,480.0,352.0,384.0,65535.
1.1276824474334717,170,27,75,416.0,480.0,528.0,22725.0,448.0,432.0,336.0,65535.0,2704.0,496.0,336.0,17076.0,512.0,464.0,480.0,65167.
1.1904947757720947,170,28,75,448.0,336.0,464.0,22869.0,480.0,352.0,448.0,65535.0,3632.0,352.0,464.0,17172.0,496.0,480.0,464.0,65535.
1.25252103805542,170,29,75,464.0,512.0,464.0,22741.0,480.0,384.0,480.0,65407.0,3120.0,384.0,528.0,16996.0,528.0,512.0,448.0,65423.
1.3149328231811523,170,30,75,368.0,384.0,432.0,22597.0,512.0,512.0,528.0,65535.0,2816.0,464.0,384.0,17060.0,464.0,416.0,400.0,65535.
1.3767778873443604,170,31,75,512.0,448.0,368.0,22709.0,512.0,480.0,352.0,65487.0,2912.0,528.0,512.0,16820.0,528.0,512.0,528.0,65391.
1.4553093910217285,170,32,75,416.0,480.0,496.0,23109.0,384.0,448.0,384.0,65535.0,3088.0,528.0,464.0,16980.0,384.0,496.0,560.0,65535.
1.532299518585205,170,33,75,512.0,384.0,480.0,23189.0,352.0,352.0,352.0,65535.0,3024.0,336.0,512.0,16788.0,336.0,352.0,496.0,65343.
1.6106369495391846,170,34,75,480.0,512.0,528.0,23333.0,528.0,544.0,448.0,65535.0,2720.0,480.0,496.0,16756.0,464.0,480.0,496.0,65535.
1.672377347946167,170,35,75,512.0,432.0,512.0,23333.0,400.0,480.0,480.0,65535.0,3376.0,480.0,464.0,16516.0,336.0,464.0,384.0,65471.
1.7341804504394531,170,36,75,432.0,480.0,496.0,22757.0,384.0,496.0,400.0,65487.0,3248.0,480.0,496.0,16948.0,464.0,352.0,384.0,64991.
1.7964844703674316,170,37,75,448.0,512.0,480.0,23013.0,352.0,528.0,528.0,65535.0,2832.0,464.0,512.0,17764.0,384.0,384.0,512.0,65535.
1.8590087890625,170,38,75,480.0,480.0,368.0,22389.0,512.0,512.0,416.0,65167.0,2368.0,528.0,480.0,17460.0,336.0,528.0,480.0,65535.
1.9367706775665283,170,39,75,464.0,528.0,480.0,22581.0,416.0,352.0,384.0,64991.0,3248.0,368.0,480.0,17012.0,512.0,512.0,576.0,65391.
1.999145269393921,170,40,75,464.0,528.0,480.0,22069.0,400.0,512.0,480.0,65439.0,3680.0,528.0,448.0,17156.0,480.0,384.0,480.0,65535.
2.093236207962036,170,41,75,464.0,528.0,384.0,22277.0,528.0,480.0,384.0,65535.0,3792.0,336.0,480.0,16243.0,480.0,496.0,528.0,65375.
2.154888868331909,170,42,75,480.0,576.0,400.0,22053.0,416.0,400.0,512.0,65535.0,3888.0,384.0,480.0,15507.0,384.0,480.0,432.0,65535.
2.2173361778259277,170,43,75,368.0,480.0,512.0,22165.0,528.0,544.0,416.0,65535.0,3296.0,512.0,512.0,15683.0,464.0,384.0,528.0,65519.
2.2797319889068604,170,44,75,608.0,512.0,432.0,21893.0,480.0,448.0,416.0,65535.0,3680.0,400.0,512.0,15619.0,480.0,464.0,416.0,65535.
2.342362880706787,170,45,75,448.0,480.0,464.0,22213.0,496.0,464.0,512.0,65535.0,3808.0,384.0,480.0,12547.0,480.0,448.0,464.0,64943.
2.405111312866211,170,46,75,432.0,432.0,368.0,22165.0,512.0,480.0,528.0,65535.0,3760.0,464.0,512.0,14563.0,352.0,416.0,512.0,65455.
2.4684741497039795,170,47,75,480.0,448.0,352.0,22197.0,496.0,432.0,384.0,65535.0,3616.0,560.0,512.0,14387.0,480.0,496.0,400.0,65535.
2.5298707485198975,170,48,75,384.0,528.0,480.0,22405.0,528.0,512.0,496.0,65535.0,3664.0,512.0,416.0,14179.0,464.0,496.0,352.0,65535.
2.5911366939544678,170,49,75,528.0,480.0,512.0,21989.0,400.0,480.0,480.0,65535.0,3728.0,368.0,496.0,14115.0,496.0,464.0,512.0,65535.
2.6526753902435303,170,50,75,384.0,432.0,464.0,22293.0,400.0,512.0,448.0,65535.0,3392.0,416.0,464.0,14147.0,480.0,512.0,528.0,65535.
2.714388608932495,170,51,75,448.0,448.0,464.0,22197.0,352.0,496.0,432.0,65535.0,3744.0,432.0,368.0,14035.0,528.0,464.0,464.0,65103.
2.775916576385498,170,52,75,512.0,496.0,480.0,22245.0,528.0,480.0,384.0,65535.0,3664.0,368.0,384.0,14035.0,496.0,512.0,528.0,65423.
2.8536577224731445,170,53,75,528.0,352.0,544.0,22597.0,416.0,384.0,544.0,65535.0,3552.0,384.0,384.0,14115.0,496.0,432.0,384.0,65535.
2.916083812713623,170,54,75,528.0,384.0,512.0,22549.0,432.0,528.0,432.0,65535.0,3696.0,352.0,528.0,14035.0,432.0,512.0,528.0,65439.
2.9771199226379395,170,55,75,496.0,368.0,560.0,22533.0,352.0,432.0,512.0,65471.0,3520.0,512.0,304.0,14243.0,512.0,464.0,512.0,65535.
3.0405337810516357,170,56,75,528.0,656.0,512.0,22197.0,464.0,512.0,480.0,65519.0,3600.0,480.0,464.0,14131.0,480.0,480.0,528.0,65535.
3.1031248569488525,170,57,75,352.0,400.0,480.0,22181.0,480.0,448.0,512.0,65535.0,3616.0,480.0,384.0,14259.0,496.0,448.0,480.0,65535.
3.164978265762329,170,58,75,512.0,480.0,528.0,21573.0,528.0,304.0,560.0,65535.0,3504.0,416.0,384.0,14179.0,336.0,544.0,512.0,65343.
3.242443799972534,170,59,75,480.0,512.0,512.0,21685.0,448.0,480.0,512.0,65535.0,3472.0,352.0,464.0,14291.0,352.0,512.0,560.0,65535.
3.3050453662872314,170,60,75,560.0,512.0,384.0,22085.0,528.0,384.0,512.0,65535.0,3536.0,368.0,416.0,14115.0,512.0,352.0,432.0,65535.
3.366469621658325,170,61,75,480.0,528.0,384.0,22101.0,448.0,480.0,448.0,65535.0,3360.0,400.0,512.0,14163.0,528.0,512.0,528.0,65455.
3.428020715713501,170,62,75,496.0,432.0,448.0,22213.0,384.0,528.0,464.0,65535.0,3776.0,496.0,528.0,13907.0,512.0,480.0,512.0,65535.
3.4896607398986816,170,63,75,512.0,544.0,384.0,22021.0,432.0,480.0,352.0,65535.0,3648.0,512.0,480.0,13763.0,496.0,480.0,416.0,65423.
3.553239583969116,170,64,75,528.0,336.0,496.0,22341.0,496.0,384.0,464.0,65535.0,3728.0,384.0,480.0,13923.0,496.0,384.0,432.0,65311.
3.616364002227783,170,65,75,272.0,544.0,480.0,22741.0,464.0,352.0,560.0,65535.0,3808.0,480.0,336.0,14115.0,352.0,528.0,512.0,65535.
3.6781837940216064,170,66,75,416.0,512.0,352.0,22293.0,512.0,512.0,416.0,65535.0,3872.0,512.0,400.0,13619.0,320.0,448.0,384.0,65519.
3.770848512649536,170,67,75,384.0,448.0,480.0,22325.0,416.0,480.0,432.0,65535.0,3760.0,384.0,384.0,13731.0,464.0,464.0,400.0,65103.
3.832242965698242,170,68,75,512.0,480.0,512.0,22805.0,384.0,480.0,432.0,65535.0,3408.0,384.0,480.0,13667.0,496.0,480.0,384.0,65535.
3.8944966793060303,170,69,75,432.0,528.0,400.0,22421.0,448.0,352.0,416.0,65535.0,3232.0,384.0,448.0,13763.0,512.0,512.0,528.0,65247.
3.9562199115753174,170,70,75,400.0,512.0,560.0,22037.0,512.0,416.0,432.0,65343.0,2720.0,480.0,352.0,14051.0,512.0,368.0,528.0,65071.
4.0189690589904785,170,71,75,480.0,528.0,480.0,22181.0,512.0,336.0,528.0,65535.0,3648.0,496.0,352.0,14147.0,544.0,464.0,512.0,65439.
4.098545551300049,170,72,75,512.0,464.0,528.0,21621.0,512.0,480.0,512.0,65535.0,3296.0,480.0,464.0,13923.0,384.0,480.0,480.0,65535.
4.160724878311157,170,73,75,480.0,480.0,480.0,21685.0,512.0,432.0,512.0,65135.0,3168.0,512.0,368.0,13699.0,544.0,496.0,416.0,65535.
4.2246503829956055,170,74,75,528.0,480.0,352.0,21381.0,480.0,480.0,448.0,65327.0,3136.0,480.0,464.0,13827.0,352.0,432.0,496.0,65535.
4.286634922027588,170,75,75,464.0,432.0,384.0,22197.0,336.0,464.0,384.0,65535.0,3328.0,544.0,512.0,13635.0,464.0,480.0,448.0,65535.
4.364691972732544,170,76,75,432.0,528.0,528.0,21909.0,512.0,352.0,464.0,65535.0,3408.0,352.0,512.0,13635.0,512.0,384.0,512.0,65279.
4.42671012878418,170,77,75,448.0,528.0,336.0,22149.0,416.0,528.0,512.0,65535.0,3200.0,352.0,496.0,13651.0,464.0,480.0,416.0,65407.
4.488162040710449,170,78,75,352.0,384.0,496.0,22021.0,464.0,480.0,384.0,65215.0,3296.0,352.0,432.0,14035.0,400.0,432.0,384.0,65535.
4.565149784088135,170,79,75,512.0,496.0,416.0,22005.0,448.0,432.0,480.0,65535.0,3216.0,384.0,384.0,13955.0,432.0,480.0,448.0,65535.
4.6274755001068115,170,80,75,368.0,352.0,512.0,22085.0,512.0,464.0,416.0,65535.0,3264.0,512.0,416.0,13971.0,320.0,448.0,384.0,65535.
4.689472675323486,170,81,75,528.0,400.0,400.0,22357.0,400.0,352.0,464.0,65231.0,3168.0,448.0,464.0,13651.0,512.0,528.0,512.0,65183.
4.767590522766113,170,82,75,496.0,480.0,560.0,22293.0,480.0,496.0,432.0,65535.0,3024.0,528.0,480.0,13843.0,352.0,528.0,384.0,65535.
4.831491708755493,170,83,75,368.0,352.0,416.0,22405.0,368.0,496.0,480.0,65535.0,2960.0,368.0,512.0,13747.0,480.0,384.0,384.0,65535.
4.894676446914673,170,84,75,336.0,512.0,480.0,22469.0,400.0,448.0,416.0,65535.0,2848.0,352.0,512.0,13715.0,416.0,352.0,544.0,65039.
4.971850872039795,170,85,75,464.0,384.0,480.0,22277.0,512.0,432.0,512.0,65167.0,3104.0,368.0,512.0,13667.0,480.0,384.0,416.0,65535.
5.033910274505615,170,86,75,512.0,448.0,480.0,22341.0,352.0,576.0,512.0,65391.0,2832.0,400.0,480.0,13571.0,480.0,512.0,512.0,65407.
5.097029685974121,170,87,75,576.0,416.0,368.0,22789.0,480.0,496.0,512.0,65535.0,2896.0,512.0,480.0,13667.0,480.0,512.0,480.0,65407.
5.160641431808472,170,88,75,512.0,480.0,528.0,22453.0,464.0,432.0,480.0,65535.0,3088.0,512.0,336.0,14547.0,496.0,464.0,352.0,65535.
5.224321603775024,170,89,75,512.0,560.0,480.0,22597.0,384.0,528.0,480.0,65535.0,3120.0,384.0,384.0,14851.0,464.0,400.0,528.0,65535.
5.286297559738159,170,90,75,480.0,480.0,512.0,22341.0,512.0,480.0,496.0,65535.0,2752.0,480.0,368.0,14771.0,544.0,480.0,480.0,65071.
5.349194765090942,170,91,75,464.0,384.0,400.0,22453.0,352.0,480.0,400.0,65535.0,2832.0,480.0,480.0,13683.0,480.0,480.0,416.0,65487.
5.411301612854004,170,92,75,352.0,384.0,464.0,22901.0,512.0,432.0,496.0,65535.0,2832.0,496.0,400.0,13619.0,416.0,512.0,560.0,65535.
5.473989725112915,170,93,75,480.0,464.0,480.0,23077.0,432.0,480.0,544.0,65535.0,2624.0,432.0,384.0,13363.0,448.0,368.0,464.0,65535.
5.534868240356445,170,94,75,480.0,432.0,496.0,23125.0,336.0,528.0,512.0,65535.0,2384.0,480.0,512.0,13203.0,512.0,560.0,512.0,65311.
5.597592353820801,170,95,75,496.0,528.0,544.0,23397.0,400.0,448.0,528.0,65535.0,2288.0,368.0,512.0,13283.0,512.0,384.0,448.0,65423.
5.660836458206177,170,96,75,448.0,416.0,400.0,23125.0,496.0,496.0,512.0,65535.0,2592.0,512.0,480.0,13091.0,512.0,528.0,464.0,65119.
5.7539894580841064,170,97,75,432.0,480.0,512.0,23445.0,512.0,544.0,384.0,65535.0,2752.0,464.0,368.0,13235.0,496.0,368.0,384.0,65439.
5.816765308380127,170,98,75,416.0,464.0,464.0,23205.0,384.0,464.0,432.0,65103.0,2624.0,336.0,384.0,13779.0,512.0,528.0,528.0,65487.
5.878620386123657,170,99,75,480.0,480.0,384.0,23493.0,480.0,512.0,512.0,65535.0,2704.0,288.0,480.0,14387.0,496.0,384.0,416.0,65535.
5.941389560699463,170,100,75,512.0,480.0,512.0,23589.0,448.0,448.0,448.0,65535.0,2688.0,400.0,368.0,13075.0,496.0,528.0,528.0,65535.
6.003478765487671,170,101,75,528.0,480.0,384.0,24261.0,352.0,416.0,448.0,65535.0,2784.0,384.0,400.0,13779.0,384.0,528.0,480.0,65247.
6.064301490783691,170,102,75,416.0,464.0,400.0,23141.0,480.0,432.0,384.0,65535.0,2816.0,384.0,464.0,15331.0,528.0,416.0,512.0,65535.
6.126071929931641,170,103,75,464.0,9714.0,448.0,23781.0,496.0,512.0,464.0,65535.0,2688.0,512.0,416.0,14547.0,384.0,480.0,512.0,65071.
6.203425645828247,170,104,75,512.0,10498.0,512.0,24261.0,528.0,512.0,384.0,65247.0,3120.0,512.0,464.0,14083.0,448.0,528.0,464.0,65535.
6.267469882965088,170,105,75,464.0,9058.0,528.0,24133.0,384.0,352.0,384.0,65535.0,3600.0,544.0,448.0,14819.0,512.0,512.0,496.0,65535.
6.329376697540283,170,106,75,512.0,9122.0,384.0,23381.0,448.0,432.0,544.0,65487.0,3728.0,496.0,480.0,15683.0,480.0,480.0,512.0,65535.
6.391937255859375,170,107,75,512.0,7889.0,512.0,24165.0,480.0,512.0,384.0,65535.0,3776.0,528.0,512.0,15267.0,384.0,352.0,400.0,65535.
6.455275058746338,170,108,75,384.0,416.0,480.0,24261.0,480.0,480.0,384.0,65535.0,3360.0,352.0,464.0,14899.0,512.0,384.0,480.0,65535.
6.516957998275757,170,109,75,528.0,464.0,480.0,24453.0,464.0,496.0,432.0,65535.0,3632.0,384.0,512.0,14627.0,464.0,464.0,448.0,65535.
6.579313516616821,170,110,75,384.0,320.0,480.0,24582.0,352.0,480.0,400.0,65535.0,3472.0,512.0,400.0,14483.0,336.0,352.0,512.0,65503.
6.642986536026001,170,111,75,496.0,544.0,544.0,24630.0,336.0,512.0,464.0,65535.0,3776.0,384.0,336.0,14403.0,496.0,368.0,432.0,65535.
6.720381021499634,170,112,75,464.0,512.0,384.0,24565.0,448.0,512.0,528.0,65535.0,3408.0,416.0,480.0,14435.0,480.0,512.0,416.0,65439.
6.782306671142578,170,113,75,512.0,512.0,528.0,24854.0,384.0,400.0,464.0,65519.0,3392.0,480.0,512.0,14371.0,480.0,512.0,448.0,65311.
6.844545602798462,170,114,75,448.0,432.0,560.0,24918.0,512.0,400.0,528.0,65535.0,3328.0,384.0,400.0,15267.0,352.0,576.0,544.0,65535.
6.907210111618042,170,115,75,496.0,480.0,416.0,25046.0,352.0,512.0,528.0,65535.0,3472.0,464.0,480.0,15347.0,432.0,608.0,528.0,65247.
6.969266414642334,170,116,75,336.0,8033.0,544.0,25062.0,352.0,528.0,464.0,65535.0,3808.0,368.0,480.0,15251.0,464.0,480.0,352.0,65183.
7.031049013137817,170,117,75,512.0,7761.0,464.0,24966.0,384.0,416.0,384.0,65535.0,3472.0,512.0,528.0,15331.0,480.0,496.0,448.0,65535.
7.0922768115997314,170,118,75,384.0,7889.0,352.0,24373.0,352.0,384.0,400.0,65535.0,3920.0,480.0,336.0,15523.0,400.0,480.0,512.0,65535.
7.155547380447388,170,119,75,480.0,8242.0,400.0,24485.0,400.0,496.0,432.0,65535.0,3328.0,400.0,400.0,15731.0,464.0,448.0,384.0,65535.
0.013399839401245117,170,10,75,448.0,528.0,416.0,20693.0,512.0,448.0,480.0,65535.0,3328.0,480.0,448.0,512.0,464.0,400.0,464.0,65535.
0.0748286247253418,170,11,75,448.0,480.0,448.0,20885.0,448.0,320.0,448.0,65535.0,3344.0,480.0,464.0,512.0,352.0,448.0,384.0,65535.
0.13843989372253418,170,12,75,560.0,448.0,464.0,20725.0,384.0,400.0,464.0,65535.0,3232.0,336.0,416.0,512.0,464.0,512.0,480.0,65519.
0.18477344512939453,170,13,75,416.0,496.0,416.0,21077.0,480.0,448.0,464.0,65535.0,3840.0,352.0,480.0,10146.0,400.0,2768.0,512.0,65327.
0.2621803283691406,170,14,75,432.0,512.0,544.0,20693.0,416.0,496.0,448.0,65535.0,3808.0,480.0,464.0,8802.0,352.0,336.0,480.0,65535.
0.3407001495361328,170,15,75,512.0,384.0,464.0,20917.0,512.0,352.0,496.0,65535.0,4689.0,496.0,384.0,10626.0,336.0,480.0,528.0,65535.
0.402817964553833,170,16,75,496.0,480.0,432.0,20773.0,416.0,480.0,512.0,65535.0,4897.0,496.0,336.0,10386.0,560.0,480.0,480.0,65535.
0.46483588218688965,170,17,75,432.0,464.0,480.0,21285.0,352.0,512.0,384.0,65535.0,5249.0,336.0,432.0,12291.0,560.0,2048.0,352.0,65535.
0.5278611183166504,170,18,75,448.0,448.0,512.0,21973.0,368.0,480.0,496.0,65535.0,5457.0,416.0,384.0,14083.0,464.0,544.0,480.0,65519.
0.5900254249572754,170,19,75,448.0,336.0,384.0,22597.0,496.0,336.0,480.0,65535.0,5089.0,480.0,512.0,15123.0,512.0,4417.0,512.0,65455.
0.65299391746521,170,20,75,512.0,336.0,464.0,22293.0,352.0,480.0,480.0,65391.0,5121.0,384.0,480.0,17012.0,512.0,256.0,512.0,65375.
0.7327635288238525,170,21,75,432.0,512.0,512.0,22293.0,400.0,528.0,528.0,65503.0,5281.0,512.0,464.0,17364.0,464.0,352.0,448.0,65535.
0.7970013618469238,170,22,75,384.0,464.0,496.0,22373.0,464.0,464.0,432.0,65519.0,4881.0,416.0,512.0,16131.0,672.0,400.0,464.0,65535.
0.8612816333770752,170,23,75,496.0,480.0,512.0,22485.0,480.0,480.0,352.0,65535.0,3904.0,512.0,432.0,16307.0,352.0,352.0,528.0,65535.
0.939091682434082,170,24,75,448.0,464.0,448.0,22693.0,512.0,544.0,336.0,65535.0,3136.0,464.0,480.0,16083.0,528.0,512.0,496.0,65391.
1.0161445140838623,170,25,75,400.0,544.0,512.0,22789.0,528.0,512.0,448.0,65519.0,3488.0,496.0,480.0,16243.0,432.0,352.0,512.0,65535.
1.093428134918213,170,26,75,448.0,480.0,480.0,22997.0,464.0,512.0,352.0,65535.0,3712.0,528.0,528.0,16227.0,448.0,336.0,512.0,65535.
1.1548700332641602,170,27,75,528.0,336.0,512.0,22821.0,480.0,480.0,352.0,65535.0,3392.0,512.0,528.0,16227.0,528.0,528.0,528.0,65247.
1.2333998680114746,170,28,75,352.0,336.0,480.0,22981.0,352.0,384.0,464.0,65535.0,3648.0,448.0,416.0,16339.0,480.0,352.0,512.0,65487.
1.295541763305664,170,29,75,480.0,352.0,480.0,22949.0,496.0,512.0,496.0,65535.0,2928.0,480.0,512.0,16275.0,544.0,512.0,528.0,65423.
1.3577651977539062,170,30,75,480.0,432.0,416.0,22805.0,512.0,512.0,656.0,65423.0,3728.0,528.0,480.0,16388.0,432.0,400.0,496.0,65535.
1.420520544052124,170,31,75,480.0,528.0,512.0,22421.0,512.0,400.0,496.0,65535.0,3424.0,464.0,400.0,16291.0,352.0,496.0,384.0,65535.
1.4840199947357178,170,32,75,336.0,336.0,528.0,22629.0,480.0,480.0,640.0,65535.0,2864.0,448.0,432.0,16163.0,480.0,480.0,496.0,65391.
1.5609934329986572,170,33,75,480.0,400.0,512.0,22181.0,528.0,512.0,512.0,65423.0,2880.0,528.0,400.0,16131.0,480.0,480.0,480.0,65167.
1.639190435409546,170,34,75,528.0,464.0,480.0,22965.0,384.0,384.0,480.0,65535.0,2960.0,336.0,352.0,16147.0,512.0,464.0,448.0,65295.
1.7019407749176025,170,35,75,448.0,432.0,448.0,22581.0,480.0,480.0,480.0,65535.0,3280.0,400.0,352.0,15859.0,464.0,544.0,528.0,65535.
1.7643218040466309,170,36,75,416.0,464.0,464.0,23013.0,448.0,352.0,528.0,65535.0,3216.0,416.0,512.0,17188.0,448.0,352.0,544.0,65535.
1.842336893081665,170,37,75,480.0,464.0,464.0,23077.0,352.0,480.0,512.0,65535.0,4353.0,352.0,384.0,17412.0,528.0,480.0,512.0,65359.
1.9053237438201904,170,38,75,464.0,480.0,512.0,22117.0,352.0,512.0,512.0,65535.0,4305.0,480.0,400.0,16916.0,496.0,464.0,352.0,65535.
1.9677610397338867,170,39,75,544.0,448.0,528.0,22181.0,512.0,512.0,496.0,65535.0,3088.0,352.0,416.0,16420.0,480.0,560.0,384.0,65535.
2.0287187099456787,170,40,75,464.0,352.0,480.0,22037.0,416.0,432.0,448.0,65487.0,2752.0,528.0,512.0,16468.0,480.0,512.0,512.0,65535.
2.1054623126983643,170,41,75,512.0,528.0,512.0,22373.0,512.0,480.0,512.0,65503.0,3536.0,480.0,496.0,16436.0,400.0,528.0,528.0,65535.
2.1676018238067627,170,42,75,496.0,480.0,528.0,22101.0,464.0,384.0,464.0,65535.0,3744.0,416.0,352.0,16516.0,480.0,496.0,528.0,65503.
2.2294812202453613,170,43,75,464.0,464.0,512.0,22165.0,384.0,512.0,512.0,65535.0,3104.0,352.0,480.0,16596.0,464.0,384.0,480.0,65535.
2.2922518253326416,170,44,75,480.0,464.0,384.0,22357.0,464.0,432.0,512.0,65535.0,3216.0,512.0,480.0,16644.0,336.0,416.0,496.0,65263.
2.3683416843414307,170,45,75,352.0,480.0,512.0,22309.0,528.0,496.0,432.0,65535.0,3584.0,496.0,464.0,16243.0,512.0,464.0,416.0,65535.
2.44547700881958,170,46,75,496.0,448.0,336.0,21957.0,544.0,480.0,384.0,65103.0,3856.0,352.0,480.0,14211.0,432.0,368.0,448.0,65535.
2.506920576095581,170,47,75,512.0,384.0,432.0,22101.0,368.0,400.0,512.0,65535.0,4032.0,496.0,544.0,16003.0,480.0,432.0,448.0,65311.
2.568092107772827,170,48,75,512.0,512.0,432.0,22581.0,432.0,512.0,480.0,65103.0,4064.0,512.0,480.0,15875.0,464.0,512.0,400.0,65167.
2.629225015640259,170,49,75,432.0,496.0,480.0,22821.0,528.0,512.0,528.0,65535.0,3760.0,480.0,448.0,16035.0,352.0,432.0,528.0,65535.
2.691585063934326,170,50,75,352.0,480.0,512.0,22565.0,512.0,496.0,464.0,65503.0,4113.0,384.0,320.0,15955.0,368.0,352.0,432.0,65535.
2.754399061203003,170,51,75,480.0,512.0,512.0,22661.0,432.0,512.0,496.0,65535.0,4177.0,544.0,496.0,16211.0,432.0,384.0,480.0,65535.
2.816999673843384,170,52,75,352.0,336.0,544.0,22789.0,528.0,528.0,528.0,65535.0,3600.0,480.0,480.0,16083.0,384.0,528.0,336.0,65535.
2.880397081375122,170,53,75,448.0,464.0,432.0,22709.0,480.0,512.0,368.0,65535.0,3584.0,528.0,352.0,15939.0,464.0,528.0,464.0,65231.
2.958639144897461,170,54,75,416.0,384.0,384.0,22949.0,512.0,544.0,512.0,65375.0,3408.0,528.0,448.0,16195.0,384.0,480.0,320.0,65535.
3.037144899368286,170,55,75,544.0,512.0,496.0,23013.0,384.0,432.0,464.0,65535.0,3520.0,400.0,480.0,16420.0,464.0,448.0,512.0,65487.
3.1000242233276367,170,56,75,528.0,384.0,416.0,22613.0,464.0,496.0,528.0,65535.0,2992.0,512.0,496.0,16307.0,528.0,432.0,512.0,65375.
3.161414384841919,170,57,75,464.0,416.0,496.0,22725.0,528.0,512.0,512.0,65535.0,3936.0,480.0,496.0,16083.0,544.0,368.0,544.0,65535.
3.223719835281372,170,58,75,480.0,496.0,448.0,22821.0,464.0,496.0,480.0,65535.0,3888.0,480.0,496.0,16147.0,384.0,512.0,416.0,65535.
3.286691904067993,170,59,75,512.0,512.0,480.0,22597.0,416.0,480.0,528.0,65535.0,3744.0,464.0,464.0,15987.0,432.0,384.0,480.0,65535.
3.349148750305176,170,60,75,352.0,336.0,480.0,22917.0,416.0,384.0,544.0,65535.0,3168.0,416.0,512.0,16131.0,528.0,528.0,528.0,65359.
3.4116737842559814,170,61,75,464.0,464.0,480.0,23173.0,368.0,528.0,528.0,65535.0,2624.0,512.0,512.0,15907.0,512.0,496.0,512.0,65535.
3.474555015563965,170,62,75,336.0,464.0,368.0,23317.0,464.0,416.0,352.0,65535.0,2576.0,480.0,528.0,15779.0,368.0,432.0,496.0,65535.
3.537716865539551,170,63,75,512.0,352.0,512.0,22981.0,352.0,480.0,464.0,65535.0,2448.0,528.0,416.0,16019.0,384.0,464.0,480.0,65391.
3.6158602237701416,170,64,75,528.0,416.0,496.0,23333.0,464.0,512.0,480.0,65519.0,2352.0,384.0,464.0,16227.0,384.0,352.0,448.0,65535.
3.678638458251953,170,65,75,512.0,496.0,512.0,23301.0,544.0,416.0,384.0,65535.0,2208.0,496.0,416.0,16067.0,480.0,384.0,352.0,65535.
3.7412307262420654,170,66,75,352.0,544.0,384.0,22549.0,512.0,528.0,464.0,65535.0,2464.0,448.0,544.0,16019.0,512.0,512.0,480.0,65519.
3.8041141033172607,170,67,75,416.0,352.0,464.0,22181.0,528.0,528.0,560.0,65535.0,2368.0,512.0,512.0,15635.0,496.0,400.0,512.0,65487.
3.865478992462158,170,68,75,384.0,384.0,496.0,22021.0,480.0,528.0,464.0,65535.0,2304.0,464.0,480.0,16083.0,432.0,528.0,528.0,65535.
3.928173780441284,170,69,75,544.0,496.0,528.0,22325.0,464.0,448.0,512.0,65535.0,2944.0,480.0,480.0,15523.0,352.0,352.0,496.0,65535.
3.989452362060547,170,70,75,512.0,496.0,384.0,22485.0,496.0,480.0,512.0,65535.0,3008.0,512.0,512.0,15443.0,528.0,528.0,480.0,65327.
4.051365613937378,170,71,75,448.0,400.0,512.0,22789.0,368.0,512.0,512.0,65535.0,2768.0,384.0,528.0,15843.0,320.0,384.0,384.0,65535.
4.113894701004028,170,72,75,480.0,336.0,512.0,22741.0,464.0,544.0,480.0,65231.0,2944.0,464.0,384.0,15603.0,480.0,576.0,512.0,65359.
4.176978349685669,170,73,75,496.0,352.0,544.0,22549.0,464.0,352.0,352.0,65535.0,2624.0,448.0,480.0,15795.0,464.0,400.0,496.0,65535.
4.238928318023682,170,74,75,464.0,480.0,512.0,22741.0,496.0,464.0,512.0,65055.0,2864.0,480.0,352.0,15827.0,512.0,464.0,384.0,65535.
4.3162946701049805,170,75,75,384.0,352.0,512.0,22949.0,368.0,432.0,512.0,65535.0,3392.0,416.0,512.0,15715.0,464.0,432.0,384.0,65183.
4.393904447555542,170,76,75,352.0,352.0,416.0,23205.0,512.0,512.0,512.0,65535.0,3456.0,448.0,448.0,15587.0,336.0,480.0,448.0,65535.
4.4563233852386475,170,77,75,480.0,528.0,512.0,22917.0,400.0,512.0,480.0,65535.0,3616.0,416.0,416.0,15699.0,512.0,496.0,496.0,65535.
4.518544912338257,170,78,75,528.0,496.0,400.0,22805.0,384.0,416.0,496.0,65535.0,3600.0,400.0,528.0,15779.0,480.0,480.0,480.0,65535.
4.58094048500061,170,79,75,512.0,352.0,464.0,23125.0,336.0,400.0,400.0,65391.0,3632.0,528.0,384.0,15507.0,512.0,368.0,512.0,65487.
4.6434080600738525,170,80,75,512.0,464.0,512.0,23013.0,480.0,544.0,544.0,65535.0,3792.0,400.0,512.0,15715.0,512.0,464.0,496.0,65535.
4.7054126262664795,170,81,75,480.0,384.0,448.0,22821.0,384.0,448.0,416.0,65279.0,3584.0,512.0,400.0,15827.0,480.0,496.0,512.0,65535.
4.7686920166015625,170,82,75,528.0,384.0,416.0,22869.0,448.0,464.0,512.0,65535.0,3472.0,528.0,528.0,15699.0,480.0,464.0,528.0,65503.
4.8457255363464355,170,83,75,528.0,464.0,512.0,23317.0,464.0,496.0,352.0,65535.0,3408.0,368.0,352.0,15667.0,464.0,464.0,352.0,65535.
4.922891616821289,170,84,75,384.0,448.0,400.0,22821.0,464.0,400.0,416.0,65535.0,3520.0,528.0,400.0,15539.0,464.0,512.0,384.0,65535.
5.002047300338745,170,85,75,464.0,528.0,528.0,22981.0,480.0,464.0,448.0,65535.0,3536.0,496.0,480.0,15891.0,352.0,528.0,512.0,65535.
5.06364893913269,170,86,75,496.0,480.0,480.0,23093.0,416.0,400.0,496.0,65535.0,3424.0,480.0,528.0,15715.0,464.0,384.0,384.0,65535.
5.124007225036621,170,87,75,512.0,448.0,432.0,22533.0,432.0,480.0,480.0,65535.0,3376.0,528.0,496.0,15651.0,352.0,352.0,384.0,65231.
5.187106370925903,170,88,75,448.0,416.0,512.0,22453.0,528.0,448.0,480.0,65535.0,3888.0,416.0,352.0,16323.0,352.0,448.0,512.0,65535.
5.248876094818115,170,89,75,480.0,352.0,352.0,23045.0,480.0,480.0,384.0,65087.0,3728.0,464.0,512.0,16163.0,448.0,320.0,528.0,65439.
5.310635089874268,170,90,75,352.0,464.0,480.0,22757.0,464.0,384.0,544.0,65535.0,3600.0,368.0,480.0,16163.0,480.0,512.0,528.0,65519.
5.373275995254517,170,91,75,384.0,384.0,512.0,22837.0,448.0,512.0,528.0,65391.0,3808.0,432.0,496.0,15507.0,480.0,480.0,480.0,65535.
5.435839414596558,170,92,75,432.0,512.0,384.0,22821.0,480.0,384.0,480.0,65535.0,3536.0,464.0,512.0,15683.0,448.0,416.0,512.0,65455.
5.513103246688843,170,93,75,336.0,352.0,480.0,22741.0,512.0,416.0,480.0,65311.0,3776.0,496.0,464.0,15555.0,528.0,528.0,528.0,65535.
5.591003894805908,170,94,75,400.0,432.0,496.0,23045.0,464.0,480.0,512.0,65471.0,3792.0,496.0,416.0,15523.0,528.0,384.0,384.0,65535.
5.654280662536621,170,95,75,496.0,528.0,416.0,22965.0,352.0,480.0,352.0,65135.0,3808.0,560.0,544.0,15475.0,496.0,352.0,512.0,65535.
5.716409206390381,170,96,75,512.0,512.0,512.0,23093.0,496.0,528.0,528.0,65535.0,3648.0,352.0,464.0,14979.0,512.0,384.0,384.0,65535.
5.778537273406982,170,97,75,480.0,496.0,432.0,22629.0,368.0,528.0,464.0,65535.0,3968.0,544.0,512.0,15155.0,512.0,400.0,496.0,65423.
5.8399481773376465,170,98,75,512.0,464.0,448.0,23141.0,512.0,400.0,528.0,65535.0,3920.0,416.0,512.0,15123.0,384.0,480.0,544.0,65535.
5.918583869934082,170,99,75,512.0,480.0,384.0,23349.0,480.0,448.0,400.0,65455.0,3920.0,528.0,464.0,15619.0,480.0,352.0,480.0,65535.
5.97950553894043,170,100,75,448.0,528.0,448.0,23013.0,400.0,464.0,512.0,65535.0,3744.0,384.0,528.0,15059.0,464.0,528.0,496.0,65535.
6.056594371795654,170,101,75,512.0,9346.0,432.0,23541.0,512.0,384.0,512.0,65535.0,3904.0,544.0,496.0,14803.0,336.0,480.0,480.0,65375.
6.119723320007324,170,102,75,384.0,7457.0,544.0,24069.0,400.0,464.0,480.0,65535.0,3600.0,480.0,320.0,15011.0,480.0,384.0,528.0,65487.
6.183721542358398,170,103,75,528.0,10674.0,512.0,24261.0,560.0,416.0,384.0,65535.0,3856.0,400.0,480.0,15171.0,512.0,464.0,400.0,65535.
6.2473108768463135,170,104,75,496.0,12082.0,400.0,24614.0,480.0,448.0,400.0,65535.0,3168.0,352.0,448.0,14547.0,352.0,352.0,528.0,65455.
6.310253858566284,170,105,75,480.0,11954.0,512.0,24405.0,352.0,528.0,528.0,65535.0,4080.0,352.0,416.0,14627.0,480.0,384.0,480.0,65535.
6.388066530227661,170,106,75,480.0,11314.0,512.0,24341.0,480.0,512.0,528.0,65535.0,3936.0,464.0,480.0,15635.0,384.0,560.0,544.0,65535.
6.465804100036621,170,107,75,480.0,9426.0,400.0,24565.0,512.0,528.0,464.0,65535.0,3984.0,464.0,352.0,15539.0,464.0,528.0,528.0,65503.
6.528027772903442,170,108,75,384.0,7905.0,528.0,24453.0,528.0,464.0,432.0,65535.0,4353.0,480.0,384.0,15027.0,480.0,512.0,416.0,65439.
6.58940052986145,170,109,75,416.0,11778.0,512.0,24774.0,512.0,480.0,528.0,65535.0,4433.0,464.0,496.0,14979.0,480.0,384.0,384.0,65167.
6.651324510574341,170,110,75,464.0,11762.0,512.0,24982.0,400.0,480.0,448.0,65535.0,4305.0,352.0,432.0,14915.0,496.0,528.0,384.0,65263.
6.713906764984131,170,111,75,416.0,11874.0,448.0,24950.0,512.0,384.0,384.0,65535.0,4417.0,512.0,384.0,14659.0,480.0,400.0,560.0,65535.
6.776842832565308,170,112,75,384.0,11874.0,352.0,25126.0,480.0,528.0,384.0,65535.0,4401.0,384.0,480.0,14483.0,512.0,352.0,384.0,65535.
6.839517831802368,170,113,75,352.0,11810.0,384.0,25142.0,400.0,512.0,496.0,65535.0,4305.0,512.0,512.0,15155.0,464.0,416.0,480.0,65535.
6.902454853057861,170,114,75,544.0,11922.0,512.0,25142.0,480.0,528.0,384.0,65487.0,4385.0,368.0,384.0,15651.0,480.0,384.0,480.0,65535.
6.980281114578247,170,115,75,544.0,11570.0,544.0,25318.0,416.0,384.0,464.0,65535.0,4497.0,464.0,352.0,15555.0,416.0,448.0,384.0,65535.
7.0576817989349365,170,116,75,544.0,11538.0,512.0,25318.0,416.0,512.0,448.0,65535.0,4433.0,512.0,464.0,15843.0,480.0,512.0,400.0,65295.
7.119657278060913,170,117,75,448.0,11730.0,608.0,25158.0,512.0,480.0,528.0,65535.0,4321.0,448.0,432.0,15907.0,400.0,544.0,384.0,65535.
7.181365489959717,170,118,75,464.0,11698.0,480.0,25174.0,496.0,384.0,512.0,65535.0,4513.0,448.0,496.0,16019.0,352.0,512.0,480.0,65535.
7.243226766586304,170,119,75,304.0,11474.0,528.0,24998.0,416.0,496.0,416.0,65535.0,4513.0,464.0,384.0,16019.0,512.0,448.0,480.0,65535.
0.01179647445678711,170,10,75,464.0,976.0,464.0,20661.0,464.0,480.0,400.0,65535.0,4657.0,464.0,496.0,480.0,464.0,496.0,528.0,55437.
0.07453346252441406,170,11,75,384.0,1216.0,480.0,20468.0,416.0,464.0,480.0,65535.0,4785.0,400.0,480.0,480.0,496.0,496.0,496.0,65519.
0.13665127754211426,170,12,75,432.0,928.0,384.0,20501.0,464.0,480.0,448.0,65535.0,4657.0,464.0,512.0,464.0,432.0,480.0,464.0,65535.
0.19915080070495605,170,13,75,480.0,528.0,528.0,20485.0,416.0,416.0,448.0,65535.0,4097.0,352.0,560.0,6033.0,464.0,480.0,512.0,65535.
0.2766742706298828,170,14,75,352.0,512.0,368.0,20773.0,336.0,352.0,480.0,65167.0,3232.0,304.0,400.0,10834.0,480.0,5041.0,528.0,65263.
0.3548707962036133,170,15,75,512.0,336.0,480.0,20565.0,416.0,384.0,480.0,65471.0,2928.0,368.0,416.0,10418.0,480.0,336.0,352.0,65023.
0.4332461357116699,170,16,75,480.0,480.0,528.0,20805.0,496.0,512.0,352.0,65535.0,3104.0,480.0,480.0,11042.0,432.0,2064.0,384.0,64991.
0.4955887794494629,170,17,75,464.0,432.0,336.0,20917.0,480.0,368.0,336.0,65439.0,3264.0,368.0,480.0,12755.0,400.0,768.0,512.0,65535.
0.5583648681640625,170,18,75,352.0,432.0,432.0,22053.0,512.0,352.0,480.0,65503.0,3152.0,480.0,512.0,15843.0,464.0,928.0,512.0,65343.
0.6217496395111084,170,19,75,400.0,464.0,352.0,21845.0,496.0,512.0,416.0,65519.0,3408.0,528.0,512.0,17956.0,512.0,4929.0,480.0,65535.
0.684844970703125,170,20,75,496.0,480.0,544.0,22341.0,464.0,512.0,512.0,65375.0,3472.0,368.0,400.0,17972.0,448.0,512.0,416.0,65199.
0.7466390132904053,170,21,75,512.0,464.0,336.0,22373.0,512.0,464.0,352.0,65263.0,3280.0,464.0,352.0,16644.0,512.0,400.0,512.0,65535.
0.8098306655883789,170,22,75,464.0,432.0,544.0,22581.0,416.0,384.0,464.0,65535.0,3936.0,384.0,512.0,16323.0,448.0,416.0,352.0,65535.
0.8724915981292725,170,23,75,384.0,384.0,528.0,22757.0,416.0,352.0,464.0,65535.0,3344.0,384.0,272.0,16339.0,480.0,432.0,352.0,65439.
0.9337568283081055,170,24,75,480.0,480.0,320.0,22581.0,448.0,480.0,480.0,65519.0,2816.0,528.0,512.0,16291.0,480.0,496.0,480.0,65519.
0.9964489936828613,170,25,75,576.0,496.0,512.0,22853.0,512.0,352.0,400.0,65535.0,3472.0,384.0,528.0,16388.0,448.0,512.0,560.0,65391.
1.0747582912445068,170,26,75,512.0,496.0,512.0,22789.0,480.0,464.0,496.0,65535.0,4048.0,432.0,512.0,16339.0,480.0,512.0,384.0,65535.
1.152385950088501,170,27,75,384.0,384.0,416.0,23013.0,480.0,352.0,480.0,65535.0,4016.0,464.0,464.0,16291.0,352.0,384.0,368.0,65535.
1.2148640155792236,170,28,75,512.0,464.0,480.0,22789.0,480.0,464.0,496.0,65535.0,3728.0,368.0,528.0,16388.0,400.0,400.0,400.0,65039.
1.2765748500823975,170,29,75,512.0,464.0,464.0,22453.0,464.0,480.0,512.0,65535.0,3968.0,416.0,352.0,16323.0,400.0,464.0,512.0,65535.
1.3393723964691162,170,30,75,400.0,464.0,400.0,22565.0,496.0,352.0,448.0,65263.0,3808.0,320.0,368.0,16452.0,464.0,352.0,384.0,65535.
1.4002573490142822,170,31,75,512.0,512.0,464.0,22373.0,464.0,336.0,528.0,65535.0,3968.0,416.0,432.0,16468.0,352.0,528.0,512.0,65503.
1.462015151977539,170,32,75,480.0,416.0,384.0,22405.0,512.0,320.0,448.0,65535.0,4113.0,528.0,528.0,16211.0,480.0,304.0,464.0,65471.
1.5377399921417236,170,33,75,400.0,480.0,480.0,22357.0,432.0,512.0,512.0,65535.0,4129.0,480.0,480.0,16163.0,464.0,464.0,480.0,65535.
1.6162362098693848,170,34,75,464.0,480.0,480.0,22981.0,464.0,480.0,464.0,65535.0,3840.0,448.0,496.0,16067.0,384.0,432.0,496.0,65535.
1.6944866180419922,170,35,75,352.0,464.0,432.0,23061.0,512.0,384.0,528.0,65535.0,4273.0,464.0,368.0,16083.0,432.0,496.0,528.0,65407.
1.7557966709136963,170,36,75,544.0,464.0,416.0,22485.0,400.0,512.0,512.0,65247.0,5089.0,512.0,496.0,16868.0,528.0,512.0,496.0,65487.
1.8183984756469727,170,37,75,400.0,336.0,416.0,22677.0,528.0,512.0,528.0,65535.0,5169.0,512.0,512.0,17476.0,464.0,496.0,512.0,65519.
1.8808932304382324,170,38,75,512.0,384.0,512.0,22325.0,512.0,336.0,480.0,65535.0,5313.0,352.0,384.0,16964.0,480.0,528.0,496.0,65535.
1.9425368309020996,170,39,75,400.0,480.0,480.0,21845.0,480.0,400.0,480.0,64927.0,4497.0,432.0,368.0,16804.0,480.0,480.0,528.0,65391.
2.0048747062683105,170,40,75,320.0,464.0,512.0,22245.0,480.0,480.0,352.0,65535.0,3968.0,384.0,352.0,16083.0,464.0,480.0,400.0,65167.
2.0665833950042725,170,41,75,352.0,496.0,512.0,22309.0,352.0,464.0,496.0,65535.0,3872.0,416.0,368.0,16115.0,496.0,528.0,496.0,65391.
2.129117012023926,170,42,75,384.0,496.0,480.0,22341.0,512.0,528.0,416.0,65535.0,3920.0,480.0,496.0,16179.0,352.0,384.0,464.0,65535.
2.207829475402832,170,43,75,512.0,480.0,480.0,22101.0,400.0,496.0,496.0,65535.0,3744.0,416.0,528.0,16275.0,512.0,480.0,480.0,65535.
2.270944356918335,170,44,75,448.0,480.0,528.0,21749.0,512.0,512.0,480.0,65535.0,3920.0,400.0,496.0,16420.0,384.0,480.0,512.0,65535.
2.331676959991455,170,45,75,464.0,464.0,352.0,21605.0,512.0,352.0,512.0,65535.0,3888.0,544.0,528.0,13315.0,464.0,512.0,480.0,65535.
2.4094321727752686,170,46,75,528.0,512.0,512.0,21813.0,480.0,480.0,512.0,65535.0,4016.0,480.0,464.0,13091.0,448.0,480.0,384.0,64991.
2.4716944694519043,170,47,75,384.0,368.0,496.0,21957.0,432.0,432.0,416.0,65359.0,4241.0,400.0,416.0,15875.0,496.0,496.0,480.0,65535.
2.533903121948242,170,48,75,512.0,480.0,512.0,22229.0,448.0,528.0,512.0,65535.0,4257.0,384.0,560.0,16339.0,464.0,352.0,592.0,65535.
2.596221446990967,170,49,75,512.0,400.0,352.0,22453.0,496.0,352.0,512.0,65535.0,4064.0,528.0,512.0,16179.0,512.0,496.0,512.0,65535.
2.6733624935150146,170,50,75,400.0,512.0,432.0,22421.0,432.0,544.0,464.0,65535.0,3920.0,480.0,416.0,16051.0,304.0,512.0,416.0,65439.
2.7354750633239746,170,51,75,384.0,480.0,544.0,22581.0,352.0,512.0,464.0,65535.0,4321.0,528.0,512.0,16163.0,528.0,512.0,512.0,65535.
2.79728364944458,170,52,75,464.0,336.0,384.0,22149.0,528.0,480.0,528.0,65359.0,3968.0,480.0,576.0,16211.0,288.0,480.0,384.0,64975.
2.859386682510376,170,53,75,528.0,496.0,496.0,22309.0,496.0,512.0,496.0,65535.0,4000.0,528.0,496.0,16115.0,352.0,544.0,512.0,65535.
2.922062873840332,170,54,75,512.0,496.0,512.0,22437.0,432.0,480.0,544.0,65535.0,4241.0,528.0,480.0,16115.0,464.0,512.0,512.0,65535.
2.9846386909484863,170,55,75,464.0,464.0,352.0,22277.0,448.0,384.0,512.0,65535.0,4497.0,416.0,352.0,16323.0,464.0,496.0,416.0,65359.
3.0458905696868896,170,56,75,496.0,512.0,384.0,22421.0,432.0,416.0,384.0,65135.0,4449.0,528.0,416.0,16099.0,336.0,512.0,528.0,65439.
3.10788893699646,170,57,75,544.0,528.0,432.0,22117.0,528.0,512.0,480.0,65535.0,4193.0,544.0,480.0,16051.0,432.0,480.0,448.0,65535.
3.16998553276062,170,58,75,384.0,496.0,528.0,22565.0,512.0,560.0,528.0,65535.0,3792.0,480.0,496.0,16051.0,480.0,416.0,496.0,65535.
3.23241925239563,170,59,75,480.0,352.0,400.0,23061.0,432.0,480.0,464.0,65535.0,3264.0,544.0,512.0,16211.0,512.0,464.0,384.0,65535.
3.3100945949554443,170,60,75,528.0,528.0,448.0,22485.0,432.0,480.0,512.0,65535.0,3536.0,432.0,576.0,16147.0,400.0,512.0,352.0,65439.
3.3726062774658203,170,61,75,512.0,464.0,480.0,22949.0,512.0,496.0,352.0,65535.0,3840.0,432.0,384.0,15907.0,480.0,464.0,512.0,65535.
3.43552827835083,170,62,75,496.0,448.0,512.0,22437.0,512.0,400.0,384.0,65535.0,3648.0,496.0,480.0,16115.0,480.0,512.0,480.0,65535.
3.49906063079834,170,63,75,560.0,384.0,528.0,21781.0,432.0,528.0,368.0,65087.0,3712.0,384.0,512.0,15939.0,528.0,480.0,304.0,65359.
3.5617856979370117,170,64,75,528.0,352.0,496.0,22341.0,384.0,512.0,496.0,65535.0,3824.0,480.0,464.0,15843.0,496.0,384.0,512.0,65535.
3.638885974884033,170,65,75,496.0,480.0,384.0,22437.0,384.0,448.0,528.0,65519.0,4016.0,640.0,528.0,16051.0,400.0,480.0,496.0,65535.
3.700103521347046,170,66,75,400.0,480.0,480.0,22069.0,528.0,512.0,464.0,65535.0,3376.0,496.0,448.0,15811.0,464.0,480.0,496.0,64975.
3.7624309062957764,170,67,75,512.0,416.0,464.0,22805.0,464.0,528.0,480.0,65535.0,3328.0,496.0,512.0,15779.0,480.0,496.0,384.0,65215.
3.8238964080810547,170,68,75,496.0,464.0,480.0,22901.0,480.0,480.0,512.0,65535.0,3168.0,528.0,448.0,15555.0,352.0,480.0,512.0,65535.
3.8873305320739746,170,69,75,464.0,480.0,416.0,23125.0,384.0,416.0,464.0,65535.0,3712.0,544.0,512.0,15667.0,352.0,528.0,416.0,65535.
3.965512275695801,170,70,75,480.0,512.0,352.0,22501.0,352.0,480.0,528.0,65535.0,3248.0,528.0,352.0,15811.0,400.0,416.0,384.0,65535.
4.0285820960998535,170,71,75,512.0,384.0,576.0,22181.0,512.0,352.0,480.0,65535.0,3248.0,512.0,528.0,15907.0,464.0,464.0,512.0,65423.
4.0909013748168945,170,72,75,384.0,496.0,512.0,21557.0,544.0,512.0,464.0,65535.0,3344.0,480.0,464.0,15635.0,480.0,512.0,432.0,65535.
4.152541399002075,170,73,75,528.0,400.0,480.0,22421.0,480.0,512.0,496.0,65535.0,3088.0,512.0,480.0,15667.0,464.0,352.0,528.0,65535.
4.2148096561431885,170,74,75,448.0,512.0,512.0,22229.0,480.0,384.0,400.0,65535.0,3328.0,352.0,416.0,15747.0,480.0,480.0,352.0,65247.
4.276545286178589,170,75,75,432.0,464.0,336.0,22533.0,416.0,480.0,400.0,65167.0,3328.0,464.0,480.0,15763.0,352.0,480.0,528.0,65199.
4.338326692581177,170,76,75,384.0,336.0,528.0,22549.0,416.0,352.0,528.0,65535.0,3264.0,432.0,384.0,15667.0,512.0,496.0,400.0,65535.
4.399982213973999,170,77,75,496.0,480.0,464.0,22437.0,480.0,496.0,496.0,65535.0,3296.0,528.0,464.0,15875.0,352.0,384.0,480.0,65535.
4.477323055267334,170,78,75,480.0,480.0,480.0,22533.0,480.0,352.0,352.0,65535.0,3600.0,352.0,528.0,15779.0,384.0,496.0,448.0,65535.
4.555149793624878,170,79,75,464.0,352.0,528.0,22229.0,480.0,496.0,352.0,65535.0,3712.0,528.0,416.0,15875.0,416.0,416.0,512.0,65535.
4.633296728134155,170,80,75,464.0,480.0,384.0,22357.0,448.0,352.0,512.0,65535.0,3536.0,352.0,352.0,15715.0,464.0,528.0,512.0,65279.
4.696020603179932,170,81,75,352.0,480.0,512.0,22437.0,400.0,384.0,512.0,65423.0,3744.0,512.0,528.0,15827.0,464.0,480.0,512.0,65391.
4.75763201713562,170,82,75,560.0,352.0,512.0,22069.0,416.0,448.0,448.0,65535.0,3680.0,464.0,352.0,15875.0,352.0,512.0,368.0,65455.
4.8347694873809814,170,83,75,432.0,496.0,496.0,22485.0,480.0,496.0,512.0,65535.0,3600.0,464.0,480.0,15491.0,480.0,400.0,512.0,65535.
4.896209239959717,170,84,75,528.0,480.0,432.0,22469.0,592.0,432.0,512.0,65535.0,3280.0,432.0,496.0,15651.0,480.0,480.0,384.0,65535.
4.959781169891357,170,85,75,480.0,512.0,512.0,21861.0,512.0,384.0,368.0,65535.0,3680.0,352.0,512.0,15779.0,448.0,384.0,512.0,65055.
5.0222766399383545,170,86,75,432.0,464.0,448.0,22245.0,528.0,480.0,400.0,65343.0,3584.0,464.0,384.0,15587.0,336.0,576.0,528.0,65535.
5.084503412246704,170,87,75,448.0,464.0,448.0,22661.0,496.0,528.0,480.0,65535.0,3488.0,320.0,384.0,16211.0,480.0,400.0,512.0,65311.
5.147301197052002,170,88,75,496.0,512.0,480.0,22693.0,384.0,368.0,496.0,65535.0,3792.0,416.0,400.0,16452.0,480.0,448.0,512.0,65535.
5.2093751430511475,170,89,75,512.0,464.0,512.0,22917.0,480.0,400.0,512.0,65535.0,3280.0,448.0,464.0,16452.0,480.0,336.0,432.0,65535.
5.271236896514893,170,90,75,512.0,496.0,464.0,22469.0,512.0,512.0,496.0,65535.0,3008.0,448.0,528.0,16548.0,448.0,512.0,528.0,65055.
5.333547115325928,170,91,75,368.0,336.0,512.0,22613.0,512.0,576.0,496.0,65535.0,3456.0,464.0,416.0,15779.0,432.0,384.0,384.0,65535.
5.411113500595093,170,92,75,480.0,512.0,480.0,22485.0,464.0,528.0,464.0,65535.0,3472.0,464.0,528.0,15907.0,480.0,384.0,576.0,65535.
5.474459409713745,170,93,75,352.0,336.0,496.0,22981.0,384.0,400.0,448.0,65535.0,3632.0,544.0,528.0,15971.0,432.0,464.0,544.0,65535.
5.537835121154785,170,94,75,384.0,496.0,512.0,23045.0,352.0,416.0,448.0,65183.0,3616.0,528.0,512.0,15523.0,464.0,496.0,480.0,65535.
5.6004204750061035,170,95,75,432.0,480.0,400.0,23045.0,464.0,448.0,384.0,65535.0,3024.0,512.0,512.0,15587.0,320.0,544.0,512.0,65519.
5.677842378616333,170,96,75,544.0,432.0,480.0,23093.0,528.0,416.0,384.0,65535.0,3248.0,464.0,512.0,15603.0,400.0,448.0,464.0,65535.
5.740331172943115,170,97,75,512.0,448.0,432.0,22485.0,512.0,496.0,512.0,65535.0,3264.0,480.0,480.0,15571.0,464.0,480.0,368.0,65535.
5.802180051803589,170,98,75,496.0,480.0,400.0,23013.0,512.0,464.0,400.0,65535.0,3296.0,384.0,480.0,15603.0,352.0,528.0,384.0,65215.
5.863788366317749,170,99,75,512.0,528.0,480.0,23333.0,480.0,352.0,400.0,65535.0,3392.0,464.0,512.0,15971.0,464.0,512.0,384.0,65535.
5.925822019577026,170,100,75,496.0,512.0,528.0,23189.0,416.0,480.0,560.0,65535.0,3168.0,352.0,352.0,15715.0,368.0,432.0,416.0,65535.
5.988438367843628,170,101,75,496.0,480.0,496.0,22597.0,528.0,384.0,448.0,65263.0,3296.0,496.0,512.0,15347.0,480.0,512.0,512.0,65535.
6.050710439682007,170,102,75,528.0,9554.0,464.0,23397.0,512.0,400.0,416.0,65535.0,2960.0,384.0,400.0,14611.0,352.0,528.0,528.0,65535.
6.127668380737305,170,103,75,432.0,9298.0,528.0,24565.0,480.0,512.0,400.0,65535.0,3008.0,336.0,464.0,14755.0,400.0,464.0,512.0,65535.
6.1899824142456055,170,104,75,528.0,10594.0,496.0,24565.0,512.0,496.0,512.0,65535.0,2608.0,496.0,480.0,14243.0,528.0,384.0,384.0,65535.
6.2528464794158936,170,105,75,400.0,10386.0,480.0,24549.0,480.0,480.0,352.0,65535.0,2192.0,400.0,464.0,15395.0,368.0,384.0,528.0,65535.
6.314282178878784,170,106,75,400.0,10178.0,480.0,24389.0,400.0,480.0,400.0,65215.0,2528.0,480.0,528.0,15587.0,512.0,480.0,336.0,65535.
6.376734972000122,170,107,75,448.0,8177.0,512.0,23893.0,528.0,496.0,384.0,65535.0,2480.0,528.0,512.0,15955.0,512.0,448.0,400.0,65535.
6.437860012054443,170,108,75,384.0,8097.0,400.0,22997.0,384.0,384.0,432.0,65535.0,2304.0,512.0,480.0,15363.0,480.0,400.0,400.0,65535.
6.4996631145477295,170,109,75,480.0,9330.0,416.0,23445.0,368.0,496.0,528.0,65535.0,2928.0,432.0,480.0,15283.0,336.0,496.0,480.0,65535.
6.562843084335327,170,110,75,544.0,9298.0,528.0,23637.0,528.0,400.0,528.0,65535.0,2736.0,496.0,496.0,14979.0,464.0,464.0,480.0,65279.
6.625551700592041,170,111,75,416.0,9234.0,528.0,23989.0,464.0,480.0,464.0,65535.0,2656.0,480.0,464.0,14595.0,432.0,464.0,448.0,65535.
6.687652111053467,170,112,75,384.0,8049.0,512.0,24341.0,400.0,416.0,448.0,65423.0,2720.0,416.0,352.0,14771.0,432.0,528.0,496.0,65535.
6.76536750793457,170,113,75,480.0,8129.0,496.0,24501.0,352.0,496.0,416.0,65535.0,2880.0,480.0,352.0,15139.0,512.0,464.0,400.0,65535.
6.827581405639648,170,114,75,544.0,8594.0,480.0,24405.0,512.0,512.0,432.0,65215.0,2976.0,528.0,512.0,15347.0,560.0,480.0,544.0,65535.
6.89026665687561,170,115,75,336.0,8674.0,608.0,24565.0,480.0,528.0,448.0,65535.0,2528.0,512.0,384.0,15507.0,464.0,544.0,384.0,65535.
6.968694448471069,170,116,75,352.0,8402.0,512.0,24485.0,528.0,480.0,496.0,65535.0,2816.0,416.0,464.0,15667.0,464.0,496.0,384.0,65231.
7.04658842086792,170,117,75,384.0,8482.0,528.0,24341.0,528.0,480.0,480.0,65343.0,2784.0,544.0,480.0,15747.0,448.0,480.0,448.0,65535.
7.109643936157227,170,118,75,432.0,8978.0,544.0,24357.0,496.0,512.0,496.0,65519.0,2528.0,496.0,400.0,15507.0,528.0,480.0,480.0,65535.
7.171380281448364,170,119,75,496.0,9314.0,512.0,24517.0,480.0,464.0,496.0,65535.0,2704.0,384.0,480.0,15203.0,480.0,528.0,384.0,65535.
0.028240203857421875,170,10,75,464.0,512.0,400.0,20565.0,464.0,464.0,464.0,65535.0,3312.0,304.0,384.0,480.0,464.0,496.0,368.0,65167.
0.08914589881896973,170,11,75,384.0,480.0,480.0,20581.0,432.0,400.0,464.0,65535.0,3248.0,480.0,512.0,512.0,480.0,480.0,480.0,65519.
0.15195488929748535,170,12,75,496.0,480.0,480.0,20388.0,368.0,352.0,528.0,65535.0,5009.0,400.0,336.0,7521.0,512.0,432.0,512.0,65343.
0.21411371231079102,170,13,75,480.0,512.0,496.0,20533.0,336.0,512.0,464.0,65535.0,4497.0,512.0,416.0,5505.0,496.0,400.0,480.0,44538.
0.2758481502532959,170,14,75,464.0,336.0,384.0,20789.0,528.0,368.0,528.0,65535.0,4417.0,448.0,480.0,9922.0,432.0,1952.0,496.0,65215.
0.3383185863494873,170,15,75,480.0,352.0,384.0,20517.0,464.0,464.0,512.0,65391.0,3360.0,352.0,352.0,10674.0,448.0,512.0,384.0,65439.
0.40024852752685547,170,16,75,512.0,480.0,448.0,21061.0,416.0,464.0,448.0,65535.0,4337.0,384.0,464.0,10690.0,464.0,784.0,464.0,65535.
0.4773437976837158,170,17,75,480.0,480.0,352.0,21477.0,400.0,336.0,416.0,65535.0,4321.0,432.0,464.0,13075.0,432.0,2144.0,480.0,65183.
0.5542800426483154,170,18,75,480.0,320.0,352.0,21701.0,464.0,512.0,432.0,65535.0,4129.0,512.0,400.0,15635.0,464.0,5009.0,448.0,65487.
0.6149177551269531,170,19,75,464.0,544.0,336.0,21317.0,448.0,496.0,560.0,65535.0,4369.0,400.0,464.0,17876.0,352.0,448.0,496.0,65535.
0.6774387359619141,170,20,75,448.0,544.0,432.0,22453.0,512.0,512.0,352.0,65535.0,4769.0,448.0,352.0,16179.0,416.0,352.0,512.0,64911.
0.7559752464294434,170,21,75,448.0,496.0,528.0,22341.0,448.0,528.0,528.0,65535.0,4000.0,352.0,512.0,16147.0,464.0,352.0,400.0,65535.
0.8345489501953125,170,22,75,400.0,352.0,384.0,22357.0,560.0,416.0,512.0,65359.0,3792.0,528.0,496.0,16035.0,496.0,512.0,528.0,65359.
0.8963949680328369,170,23,75,448.0,480.0,400.0,22149.0,512.0,528.0,512.0,65535.0,4449.0,512.0,480.0,16051.0,432.0,528.0,448.0,61262.
0.9599554538726807,170,24,75,544.0,448.0,512.0,22197.0,464.0,368.0,352.0,65535.0,4048.0,480.0,448.0,15843.0,464.0,464.0,464.0,65535.
1.0363390445709229,170,25,75,352.0,528.0,512.0,22069.0,480.0,480.0,480.0,65535.0,3888.0,416.0,352.0,16083.0,384.0,528.0,480.0,65535.
1.0987119674682617,170,26,75,336.0,336.0,352.0,22405.0,464.0,496.0,336.0,65535.0,4000.0,496.0,512.0,16067.0,464.0,480.0,480.0,65375.
1.1618058681488037,170,27,75,352.0,336.0,432.0,22341.0,368.0,512.0,464.0,65535.0,4145.0,528.0,512.0,16019.0,512.0,384.0,448.0,65295.
1.2252538204193115,170,28,75,528.0,384.0,464.0,22325.0,480.0,352.0,512.0,65535.0,4257.0,512.0,528.0,15875.0,400.0,480.0,480.0,65535.
1.3021998405456543,170,29,75,496.0,464.0,480.0,22229.0,464.0,480.0,352.0,65119.0,4433.0,480.0,480.0,15491.0,480.0,384.0,512.0,65535.
1.3653895854949951,170,30,75,352.0,336.0,480.0,22181.0,528.0,496.0,480.0,65391.0,4753.0,480.0,480.0,15619.0,464.0,480.0,384.0,65535.
1.4283714294433594,170,31,75,512.0,480.0,480.0,22677.0,464.0,544.0,352.0,65535.0,4353.0,512.0,512.0,15667.0,336.0,512.0,512.0,65535.
1.5054824352264404,170,32,75,400.0,400.0,480.0,22117.0,480.0,352.0,528.0,65535.0,4433.0,368.0,464.0,15331.0,512.0,528.0,512.0,65375.
1.5677287578582764,170,33,75,384.0,464.0,400.0,22037.0,480.0,480.0,480.0,65535.0,4545.0,560.0,352.0,15571.0,528.0,480.0,416.0,65535.
1.62886381149292,170,34,75,496.0,544.0,512.0,21653.0,336.0,464.0,480.0,65535.0,4705.0,480.0,560.0,15075.0,416.0,496.0,480.0,65535.
1.7067101001739502,170,35,75,320.0,512.0,384.0,22325.0,496.0,480.0,512.0,65535.0,4641.0,512.0,480.0,15283.0,464.0,432.0,464.0,65423.
1.7838413715362549,170,36,75,528.0,352.0,480.0,21925.0,512.0,416.0,512.0,65519.0,4513.0,512.0,480.0,16612.0,432.0,512.0,432.0,65519.
1.8612592220306396,170,37,75,480.0,448.0,512.0,21429.0,464.0,512.0,544.0,65535.0,4513.0,512.0,416.0,16932.0,480.0,480.0,416.0,65391.
1.9564380645751953,170,38,75,528.0,560.0,512.0,21301.0,496.0,464.0,512.0,65535.0,3808.0,480.0,512.0,15955.0,464.0,464.0,528.0,65295.
2.0498781204223633,170,39,75,496.0,496.0,480.0,21861.0,480.0,384.0,432.0,65535.0,4241.0,352.0,448.0,15523.0,480.0,432.0,528.0,65519.
2.1117172241210938,170,40,75,464.0,512.0,528.0,21653.0,528.0,496.0,432.0,65535.0,4032.0,480.0,512.0,15171.0,416.0,512.0,496.0,65535.
2.174379587173462,170,41,75,496.0,480.0,512.0,21957.0,496.0,512.0,480.0,65535.0,4241.0,480.0,416.0,15555.0,416.0,464.0,368.0,64943.
2.2370455265045166,170,42,75,448.0,512.0,432.0,21925.0,384.0,352.0,416.0,65535.0,4000.0,384.0,352.0,15603.0,480.0,512.0,528.0,65359.
2.2976877689361572,170,43,75,528.0,384.0,464.0,21493.0,512.0,352.0,512.0,65535.0,4129.0,560.0,528.0,15795.0,432.0,368.0,464.0,65503.
2.3596627712249756,170,44,75,496.0,496.0,384.0,21813.0,448.0,384.0,384.0,65535.0,4273.0,480.0,528.0,15635.0,512.0,512.0,432.0,65439.
2.420637845993042,170,45,75,512.0,544.0,480.0,21509.0,448.0,528.0,384.0,65535.0,4032.0,512.0,528.0,12210.0,512.0,496.0,400.0,65535.
2.4823546409606934,170,46,75,464.0,416.0,512.0,21845.0,416.0,528.0,528.0,65535.0,3712.0,400.0,368.0,12483.0,480.0,480.0,512.0,65535.
2.5451269149780273,170,47,75,416.0,512.0,384.0,22165.0,528.0,480.0,512.0,65359.0,3792.0,496.0,464.0,15619.0,336.0,352.0,384.0,65535.
2.6214582920074463,170,48,75,432.0,480.0,512.0,22149.0,496.0,480.0,512.0,65535.0,3712.0,480.0,400.0,15091.0,448.0,400.0,432.0,65535.
2.6843485832214355,170,49,75,400.0,384.0,512.0,22373.0,464.0,496.0,448.0,65535.0,3712.0,384.0,480.0,14723.0,480.0,464.0,448.0,65535.
2.7468531131744385,170,50,75,464.0,560.0,512.0,22405.0,432.0,480.0,512.0,65535.0,3600.0,432.0,432.0,14339.0,352.0,528.0,480.0,65503.
2.809682607650757,170,51,75,368.0,384.0,432.0,22357.0,512.0,528.0,416.0,65535.0,3424.0,496.0,448.0,14499.0,512.0,512.0,512.0,65487.
2.8721930980682373,170,52,75,400.0,352.0,528.0,22101.0,512.0,512.0,528.0,65535.0,3888.0,512.0,448.0,14579.0,480.0,480.0,464.0,65535.
2.9350883960723877,170,53,75,544.0,464.0,400.0,22021.0,480.0,416.0,416.0,65535.0,3600.0,416.0,400.0,14659.0,336.0,352.0,528.0,65535.
2.9980478286743164,170,54,75,496.0,384.0,512.0,22053.0,528.0,352.0,480.0,65535.0,3568.0,416.0,464.0,14419.0,480.0,416.0,384.0,65535.
3.0600948333740234,170,55,75,448.0,512.0,464.0,22357.0,528.0,464.0,384.0,65535.0,3824.0,512.0,448.0,14387.0,512.0,320.0,400.0,64991.
3.1216671466827393,170,56,75,480.0,416.0,560.0,22117.0,528.0,384.0,384.0,65535.0,3536.0,448.0,528.0,14515.0,464.0,528.0,496.0,65359.
3.1834566593170166,170,57,75,432.0,544.0,480.0,22501.0,512.0,464.0,480.0,65519.0,3728.0,496.0,528.0,14627.0,496.0,512.0,480.0,65343.
3.2447590827941895,170,58,75,512.0,480.0,480.0,22101.0,512.0,512.0,400.0,65391.0,3760.0,448.0,480.0,14851.0,448.0,496.0,480.0,65535.
3.307182788848877,170,59,75,336.0,384.0,464.0,22661.0,512.0,352.0,464.0,65535.0,3664.0,352.0,352.0,15011.0,384.0,432.0,544.0,65375.
3.3705859184265137,170,60,75,512.0,464.0,480.0,22373.0,384.0,416.0,400.0,65535.0,3760.0,480.0,384.0,14931.0,464.0,480.0,448.0,65407.
3.4328794479370117,170,61,75,448.0,496.0,384.0,22421.0,464.0,448.0,480.0,65311.0,3472.0,432.0,480.0,14787.0,480.0,480.0,528.0,65407.
3.5093743801116943,170,62,75,448.0,432.0,432.0,22293.0,512.0,528.0,448.0,65535.0,3504.0,496.0,480.0,14803.0,480.0,432.0,416.0,65535.
3.5871968269348145,170,63,75,528.0,528.0,528.0,22453.0,512.0,464.0,512.0,65535.0,3456.0,496.0,400.0,14899.0,336.0,480.0,528.0,65535.
3.666412591934204,170,64,75,480.0,464.0,352.0,22709.0,352.0,528.0,480.0,65535.0,3392.0,480.0,480.0,14867.0,496.0,384.0,480.0,65535.
3.7290596961975098,170,65,75,384.0,384.0,528.0,23077.0,368.0,512.0,496.0,65535.0,2976.0,384.0,512.0,14947.0,448.0,528.0,464.0,65535.
3.790872573852539,170,66,75,464.0,432.0,352.0,22357.0,480.0,512.0,352.0,65279.0,2864.0,464.0,352.0,14547.0,512.0,464.0,496.0,65535.
3.8529207706451416,170,67,75,432.0,480.0,528.0,22581.0,496.0,448.0,528.0,65535.0,2880.0,464.0,480.0,14483.0,480.0,480.0,448.0,65535.
3.914522886276245,170,68,75,336.0,384.0,528.0,22629.0,384.0,416.0,480.0,65535.0,3712.0,400.0,336.0,14259.0,512.0,432.0,544.0,65535.
3.993662118911743,170,69,75,512.0,464.0,480.0,22293.0,352.0,512.0,528.0,65535.0,3360.0,400.0,464.0,14627.0,480.0,496.0,528.0,65423.
4.070764064788818,170,70,75,464.0,272.0,528.0,21845.0,432.0,480.0,432.0,65535.0,3472.0,480.0,480.0,14691.0,480.0,480.0,480.0,65535.
4.133451461791992,170,71,75,464.0,368.0,464.0,21653.0,528.0,384.0,384.0,65535.0,3536.0,384.0,512.0,14771.0,464.0,384.0,464.0,65135.
4.19583535194397,170,72,75,448.0,496.0,304.0,22389.0,432.0,464.0,352.0,65535.0,3504.0,416.0,352.0,14787.0,512.0,384.0,384.0,65535.
4.258498668670654,170,73,75,400.0,432.0,400.0,22213.0,480.0,352.0,528.0,65535.0,3136.0,384.0,352.0,14643.0,368.0,512.0,544.0,65263.
4.321443796157837,170,74,75,384.0,464.0,480.0,22325.0,384.0,512.0,464.0,65535.0,2912.0,448.0,464.0,14851.0,464.0,480.0,288.0,65519.
4.383868932723999,170,75,75,432.0,528.0,528.0,22453.0,528.0,432.0,480.0,65535.0,3040.0,464.0,528.0,14979.0,528.0,416.0,512.0,65135.
4.4457104206085205,170,76,75,480.0,464.0,512.0,22293.0,480.0,432.0,416.0,65535.0,3200.0,352.0,464.0,14819.0,464.0,416.0,560.0,65103.
4.508608102798462,170,77,75,400.0,528.0,480.0,22421.0,480.0,496.0,512.0,65535.0,3200.0,400.0,416.0,14787.0,512.0,480.0,560.0,65167.
4.586988210678101,170,78,75,544.0,400.0,512.0,22469.0,480.0,352.0,480.0,65535.0,3296.0,400.0,352.0,14787.0,432.0,464.0,384.0,65535.
4.648767471313477,170,79,75,480.0,528.0,544.0,22085.0,560.0,512.0,464.0,65535.0,2768.0,352.0,512.0,14851.0,384.0,416.0,512.0,65423.
4.710156440734863,170,80,75,496.0,512.0,384.0,22373.0,464.0,464.0,384.0,65535.0,2944.0,384.0,512.0,14867.0,528.0,448.0,496.0,65359.
4.7720208168029785,170,81,75,512.0,448.0,496.0,22357.0,432.0,480.0,480.0,65535.0,3024.0,480.0,496.0,14771.0,416.0,512.0,512.0,65535.
4.833844900131226,170,82,75,432.0,480.0,528.0,22245.0,496.0,384.0,512.0,65535.0,2768.0,384.0,480.0,14659.0,448.0,512.0,480.0,65535.
4.894824028015137,170,83,75,512.0,416.0,464.0,22325.0,480.0,480.0,480.0,65535.0,3136.0,480.0,416.0,14899.0,512.0,464.0,384.0,65167.
4.957371234893799,170,84,75,384.0,480.0,336.0,22309.0,480.0,496.0,336.0,65535.0,3072.0,384.0,480.0,14851.0,464.0,448.0,384.0,65039.
5.020098924636841,170,85,75,480.0,528.0,480.0,22181.0,448.0,368.0,496.0,65535.0,3296.0,432.0,384.0,14723.0,464.0,384.0,464.0,65439.
5.082626104354858,170,86,75,352.0,416.0,384.0,22453.0,432.0,368.0,432.0,65535.0,3056.0,512.0,512.0,14483.0,528.0,496.0,496.0,65535.
5.144125699996948,170,87,75,512.0,352.0,512.0,22197.0,432.0,512.0,528.0,65407.0,3408.0,480.0,512.0,14547.0,496.0,480.0,432.0,65535.
5.206022500991821,170,88,75,544.0,512.0,432.0,22421.0,576.0,384.0,528.0,65535.0,3552.0,464.0,432.0,15459.0,496.0,480.0,512.0,65519.
5.268317937850952,170,89,75,480.0,480.0,480.0,22645.0,464.0,448.0,480.0,65535.0,2912.0,480.0,480.0,15363.0,512.0,528.0,384.0,65535.
5.330861806869507,170,90,75,528.0,528.0,512.0,22293.0,400.0,400.0,480.0,65535.0,2992.0,464.0,432.0,15267.0,512.0,480.0,448.0,65103.
5.409268856048584,170,91,75,464.0,496.0,464.0,21893.0,480.0,512.0,384.0,65535.0,2976.0,496.0,384.0,14531.0,512.0,480.0,480.0,65199.
5.471884727478027,170,92,75,496.0,400.0,416.0,21861.0,432.0,480.0,448.0,65535.0,2896.0,448.0,528.0,14691.0,128.0,512.0,512.0,65535.
5.53394627571106,170,93,75,480.0,512.0,544.0,21925.0,416.0,384.0,480.0,65535.0,3168.0,352.0,480.0,14611.0,512.0,512.0,528.0,65535.
5.596372842788696,170,94,75,400.0,528.0,464.0,21861.0,512.0,416.0,352.0,65519.0,3072.0,512.0,512.0,14403.0,448.0,416.0,544.0,65423.
5.675905704498291,170,95,75,416.0,512.0,528.0,22245.0,400.0,480.0,384.0,65535.0,3136.0,480.0,480.0,14355.0,352.0,384.0,512.0,65535.
5.73757791519165,170,96,75,496.0,496.0,512.0,22677.0,480.0,480.0,496.0,65535.0,3120.0,448.0,464.0,14643.0,480.0,480.0,384.0,65535.
5.799468040466309,170,97,75,480.0,432.0,512.0,22885.0,512.0,352.0,400.0,65535.0,2656.0,448.0,384.0,14499.0,512.0,352.0,384.0,65535.
5.860996723175049,170,98,75,528.0,416.0,384.0,22693.0,512.0,528.0,448.0,65535.0,2880.0,464.0,464.0,15251.0,352.0,512.0,528.0,65535.
5.9236414432525635,170,99,75,512.0,6721.0,512.0,23221.0,384.0,384.0,560.0,65535.0,2992.0,528.0,416.0,15155.0,480.0,528.0,512.0,65279.
5.985780954360962,170,100,75,384.0,6945.0,384.0,23333.0,528.0,352.0,544.0,65535.0,2944.0,528.0,544.0,14211.0,464.0,400.0,528.0,65535.
6.04813027381897,170,101,75,496.0,7265.0,496.0,22949.0,480.0,480.0,480.0,65535.0,2688.0,384.0,528.0,14243.0,448.0,480.0,384.0,65535.
6.1269004344940186,170,102,75,512.0,8145.0,464.0,22997.0,336.0,512.0,512.0,65535.0,2960.0,480.0,400.0,14259.0,464.0,400.0,512.0,65535.
6.188235759735107,170,103,75,560.0,5953.0,432.0,23045.0,432.0,480.0,480.0,65535.0,2720.0,512.0,496.0,13891.0,480.0,384.0,480.0,65535.
6.250103235244751,170,104,75,512.0,6673.0,496.0,22661.0,480.0,496.0,528.0,65535.0,2736.0,528.0,384.0,14723.0,336.0,464.0,480.0,65535.
6.312911033630371,170,105,75,464.0,6497.0,480.0,22373.0,528.0,512.0,512.0,65215.0,2784.0,512.0,352.0,14979.0,496.0,464.0,320.0,65407.
6.376424551010132,170,106,75,528.0,6577.0,464.0,22293.0,528.0,448.0,560.0,65535.0,2672.0,544.0,512.0,15139.0,480.0,384.0,496.0,65535.
6.4383461475372314,170,107,75,432.0,432.0,528.0,22549.0,416.0,432.0,496.0,65503.0,2896.0,480.0,512.0,14483.0,480.0,416.0,400.0,65535.
6.499791145324707,170,108,75,496.0,512.0,336.0,22405.0,480.0,512.0,512.0,65535.0,2816.0,400.0,480.0,13971.0,480.0,480.0,512.0,65535.
6.562285423278809,170,109,75,480.0,6513.0,480.0,22725.0,448.0,512.0,464.0,65535.0,3248.0,384.0,384.0,13987.0,496.0,416.0,464.0,65535.
6.624433755874634,170,110,75,464.0,6833.0,576.0,23173.0,368.0,352.0,528.0,65535.0,3024.0,416.0,480.0,13667.0,496.0,384.0,448.0,65535.
6.6859025955200195,170,111,75,496.0,6097.0,448.0,23237.0,384.0,464.0,512.0,65087.0,2768.0,528.0,400.0,13491.0,512.0,480.0,384.0,65535.
6.749500751495361,170,112,75,512.0,7361.0,464.0,23333.0,528.0,528.0,432.0,65535.0,2832.0,384.0,352.0,13379.0,512.0,464.0,400.0,65247.
6.811594009399414,170,113,75,480.0,7329.0,480.0,23301.0,464.0,304.0,512.0,65455.0,2784.0,480.0,480.0,14339.0,480.0,496.0,432.0,65535.
6.874876499176025,170,114,75,496.0,7345.0,352.0,23077.0,480.0,464.0,480.0,65199.0,3264.0,512.0,384.0,14547.0,352.0,512.0,512.0,65535.
6.9529149532318115,170,115,75,544.0,7313.0,432.0,23253.0,368.0,512.0,528.0,65535.0,3072.0,432.0,496.0,14339.0,416.0,496.0,416.0,65535.
7.030864715576172,170,116,75,496.0,7105.0,480.0,23061.0,320.0,512.0,560.0,65535.0,3120.0,432.0,512.0,14739.0,384.0,400.0,512.0,65535.
7.0926477909088135,170,117,75,448.0,6881.0,496.0,22981.0,528.0,496.0,400.0,65519.0,3136.0,496.0,496.0,14771.0,480.0,496.0,432.0,65535.
7.170553684234619,170,118,75,512.0,7441.0,384.0,23093.0,512.0,480.0,512.0,65535.0,3008.0,512.0,480.0,14659.0,528.0,400.0,384.0,65535.
7.23259711265564,170,119,75,432.0,7137.0,512.0,23125.0,368.0,400.0,512.0,65535.0,2864.0,528.0,528.0,15107.0,544.0,384.0,464.0,65535.
0.02815413475036621,170,10,75,448.0,6865.0,464.0,20501.0,464.0,400.0,480.0,65535.0,2720.0,480.0,480.0,528.0,464.0,400.0,480.0,65055.
0.10614490509033203,170,11,75,352.0,6705.0,464.0,20452.0,464.0,384.0,416.0,65535.0,2832.0,464.0,448.0,448.0,416.0,416.0,480.0,65423.
0.16818475723266602,170,12,75,512.0,352.0,512.0,20404.0,512.0,448.0,496.0,65535.0,4481.0,480.0,528.0,9746.0,448.0,4000.0,432.0,65039.
0.2476356029510498,170,13,75,512.0,544.0,560.0,18132.0,512.0,480.0,480.0,65535.0,4353.0,512.0,480.0,6705.0,480.0,448.0,512.0,65535.
0.3253211975097656,170,14,75,480.0,352.0,496.0,18452.0,512.0,352.0,448.0,65471.0,2096.0,512.0,448.0,10706.0,496.0,480.0,464.0,65423.
0.3873307704925537,170,15,75,496.0,336.0,352.0,18836.0,464.0,352.0,480.0,65535.0,3328.0,464.0,368.0,10082.0,400.0,464.0,496.0,65263.
0.46479296684265137,170,16,75,464.0,528.0,336.0,18932.0,496.0,544.0,496.0,65535.0,3328.0,432.0,448.0,11058.0,464.0,656.0,352.0,64879.
0.5267479419708252,170,17,75,464.0,384.0,448.0,19092.0,432.0,480.0,384.0,65535.0,3040.0,480.0,320.0,12451.0,432.0,1072.0,512.0,65135.
0.6043796539306641,170,18,75,352.0,528.0,512.0,19428.0,512.0,512.0,544.0,65535.0,3392.0,432.0,416.0,15747.0,416.0,976.0,352.0,65535.
0.66737961769104,170,19,75,544.0,448.0,464.0,19700.0,448.0,448.0,448.0,65535.0,3232.0,448.0,352.0,17460.0,480.0,704.0,464.0,65535.
